insisting,(VBZ is),is,CLOBTH_A.TXT
boycotting,(VBZ is),is,CLOBTH_A.TXT
attending,(VBN revealed),revealed,CLOBTH_A.TXT
attending,(VBZ has),has,CLOBTH_A.TXT
seeking,(VBP are),are,CLOBTH_A.TXT
studying,(VBP are),are,CLOBTH_A.TXT
having,(VBZ is),is,CLOBTH_A.TXT
paying,(VBZ is),is,CLOBTH_A.TXT
denouncing,(VBD were),were,CLOBTH_A.TXT
dealing,(VBP are),are,CLOBTH_A.TXT
making,(VBZ is),is,CLOBTH_A.TXT
beginning,(VBZ is),is,CLOBTH_A.TXT
holding,(VBP are),are,CLOBTH_A.TXT
being,(VBD were),were,CLOBTH_A.TXT
going,(VBD were),were,CLOBTH_A.TXT
visiting,(VBD were),were,CLOBTH_A.TXT
happening,(VBP are),are,CLOBTH_A.TXT
going,(VBZ is),is,CLOBTH_A.TXT
doing,(VBZ is),is,CLOBTH_A.TXT
studying,(VBZ is),is,CLOBTH_A.TXT
committing,(VBP are),are,CLOBTH_A.TXT
attending,(VBP are),are,CLOBTH_A.TXT
celebrating,(VBZ is),is,CLOBTH_A.TXT
holding,(VBP are),are,CLOBTH_A.TXT
basing,(VBP are),are,CLOBTH_A.TXT
trying,(VBP are),are,CLOBTH_A.TXT
having,(VBZ is),is,CLOBTH_A.TXT
being,(VBZ is),is,CLOBTH_A.TXT
being,(VBZ is),is,CLOBTH_A.TXT
leading,(VBZ is),is,CLOBTH_A.TXT
talking,(VBZ is),is,CLOBTH_A.TXT
striving,(VBP are),are,CLOBTH_A.TXT
striving,(VBZ is),is,CLOBTH_A.TXT
changing,(VBD were),were,CLOBTH_A.TXT
recommending,(VBD were),were,CLOBTH_A.TXT
being,(VBP are),are,CLOBTH_A.TXT
working,(VBN been),been,CLOBTH_A.TXT
working,(VBZ has),has,CLOBTH_A.TXT
being,(VBP are),are,CLOBTH_A.TXT
working,(VBP are),are,CLOBTH_A.TXT
signalling,(VBD were),were,CLOBTH_A.TXT
spending,(VBP are),are,CLOBTH_A.TXT
going,(VBZ is),is,CLOBTH_A.TXT
becoming,(VBZ is),is,CLOBTH_A.TXT
pouring,(VBP are),are,CLOBTH_A.TXT
saying,(VBZ is),is,CLOBTH_A.TXT
going,(VBP am),am,CLOBTH_A.TXT
going,(VBP am),am,CLOBTH_A.TXT
budging,(VBP am),am,CLOBTH_A.TXT
trying,(VBP are),are,CLOBTH_A.TXT
playing,(VBZ is),is,CLOBTH_A.TXT
recovering,(VBZ is),is,CLOBTH_A.TXT
creating,(VBZ is),is,CLOBTH_A.TXT
setting,(VBZ is),is,CLOBTH_A.TXT
getting,(VBZ is),is,CLOBTH_A.TXT
retiring,(VBZ is),is,CLOBTH_A.TXT
settling,(VBP are),are,CLOBTH_A.TXT
preparing,(VBP are),are,CLOBTH_A.TXT
staying,(VBZ is),is,CLOBTH_A.TXT
visiting,(VBN been),been,CLOBTH_A.TXT
visiting,(VBZ has),has,CLOBTH_A.TXT
looking,(VBZ is),is,CLOBTH_A.TXT
giving,(VBZ is),is,CLOBTH_A.TXT
going,(VBZ was),was,CLOBTH_A.TXT
picnicking,(VBP are),are,CLOBTH_A.TXT
expecting,(VBZ is),is,CLOBTH_A.TXT
expecting,(VBZ is),is,CLOBTH_A.TXT
hoping,(VBD were),were,CLOBTH_A.TXT
giving,(VBZ is),is,CLOBTH_A.TXT
allowing,(VBZ is),is,CLOBTH_A.TXT
going,(VBZ is),is,CLOBTH_A.TXT
going,(VBP are),are,CLOBTH_A.TXT
going,(VBN been),been,CLOBTH_A.TXT
going,(VBZ has),has,CLOBTH_A.TXT
having,(VBD were),were,CLOBTH_A.TXT
playing,(VBD were),were,CLOBTH_A.TXT
screaming,(VBN been),been,CLOBTH_A.TXT
eating,(VBN been),been,CLOBTH_A.TXT
taking,(VBP are),are,CLOBTH_A.TXT
going,(VBP 're),'re,CLOBTH_A.TXT
doing,(VBN been),been,CLOBTH_A.TXT
*+acking,(VBZ is),is,CLOBTH_A.TXT
coming,(VBD were),were,CLOBTH_A.TXT
being,(VBD were),were,CLOBTH_A.TXT
travelling,(VBD were),were,CLOBTH_A.TXT
growing,(VBZ is),is,CLOBTH_A.TXT
wandering,(VBD were),were,CLOBTH_A.TXT
labouring,(VBN been),been,CLOBTH_A.TXT
being,(VBP are),are,CLOBTH_A.TXT
striving,(VBZ is),is,CLOBTH_A.TXT
being,(VBZ is),is,CLOBTH_A.TXT
going,(VBP are),are,CLOBTH_A.TXT
prophesying,(VBN been),been,CLOBTH_A.TXT
prophesying,(VBZ has),has,CLOBTH_A.TXT
having,(VBZ is),is,CLOBTH_A.TXT
offering,(VBP are),are,CLOBTH_A.TXT
backing,(VBD were),were,CLOBTH_A.TXT
being,(VBD were),were,CLOBTH_A.TXT
spending,(VBZ is),is,CLOBTH_A.TXT
falling,(VBD were),were,CLOBTH_A.TXT
being,(VBZ is),is,CLOBTH_A.TXT
becoming,(VBZ is),is,CLOBTH_A.TXT
belittling,(VBZ is),is,CLOBTH_A.TXT
working,(VBN been),been,CLOBTH_A.TXT
preparing,(VBN been),been,CLOBTH_A.TXT
asking,(VBP are),are,CLOBTH_A.TXT
saying,(VBP are),are,CLOBTH_A.TXT
appealing,(VBP are),are,CLOBTH_A.TXT
setting,(VBZ is),is,CLOBTH_A.TXT
going,(VBD were),were,CLOBTH_A.TXT
shooting,(VBN been),been,CLOBTH_A.TXT
shooting,(VBZ has),has,CLOBTH_A.TXT
going,(VBZ is),is,CLOBTH_A.TXT
having,(VBZ is),is,CLOBTH_A.TXT
being,(VBZ is),is,CLOBTH_A.TXT
washing,(VBN been),been,CLOBTH_A.TXT
washing,(VBZ has),has,CLOBTH_A.TXT
seeking,(VBP 'm),'m,CLOBTH_A.TXT
talking,(VBP are),are,CLOBTH_A.TXT
showing,(VBZ is),is,CLOBTH_A.TXT
moving,(VBZ is),is,CLOBTH_A.TXT
being,(VBZ is),is,CLOBTH_A.TXT
putting,(VBP are),are,CLOBTH_A.TXT
decrying,(VBP are),are,CLOBTH_A.TXT
covering,(VBP are),are,CLOBTH_A.TXT
forming,(VBZ is),is,CLOBTH_A.TXT
racing,(VBP are),are,CLOBTH_A.TXT
meeting,(VBZ is),is,CLOBTH_A.TXT
doing,(VBZ is),is,CLOBTH_A.TXT
being,(VBZ is),is,CLOBTH_A.TXT
being,(VBD were),were,CLOBTH_A.TXT
building,(VBN been),been,CLOBTH_A.TXT
doing,(VBP are),are,CLOBTH_A.TXT
being,(VBZ is),is,CLOBTH_A.TXT
going,(VBP are),are,CLOBTH_A.TXT
defending,(VBZ is),is,CLOBTH_A.TXT
trailing,(VBD were),were,CLOBTH_A.TXT
fuming,(VBD were),were,CLOBTH_A.TXT
going,(VBD were),were,CLOBTH_A.TXT
battling,(VBD were),were,CLOBTH_A.TXT
going,(VBP 'm),'m,CLOBTH_A.TXT
going,(VBP 'm),'m,CLOBTH_A.TXT
going,(VBP 'm),'m,CLOBTH_A.TXT
being,(VBZ is),is,CLOBTH_A.TXT
taking,(VBZ is),is,CLOBTH_A.TXT
putting,(VBZ is),is,CLOBTH_A.TXT
putting,(VBZ is),is,CLOBTH_A.TXT
taking,(VBZ is),is,CLOBTH_A.TXT
staying,(VBZ 's),'s,CLOBTH_A.TXT
searching,(VBD were),were,CLOBTH_A.TXT
wondering,(VBP are),are,CLOBTH_A.TXT
saying,(VBZ is),is,CLOBTH_A.TXT
being,(VBZ is),is,CLOBTH_A.TXT
disputing,(VBP am),am,CLOBTH_A.TXT
having,(VBD were),were,CLOBTH_A.TXT
going,(VBN been),been,CLOBTH_A.TXT
considering,(VBN been),been,CLOBTH_A.TXT
considering,(VBZ has),has,CLOBTH_A.TXT
dealing,(VBZ is),is,CLOBTH_A.TXT
being,(VBZ is),is,CLOBTH_A.TXT
waiting,(VBP are),are,CLOBTH_A.TXT
pressing,(VBN been),been,CLOBTH_A.TXT
looking,(VBZ is),is,CLOBTH_A.TXT
offering,(VBZ is),is,CLOBTH_A.TXT
withdrawing,(VBZ is),is,CLOBTH_A.TXT
doing,(VBZ is),is,CLOBTH_A.TXT
whirling,(VBP are),are,CLOBTH_A.TXT
using,(VBD were),were,CLOBTH_A.TXT
talking,(VBZ is),is,CLOBTH_A.TXT
trying,(VBZ is),is,CLOBTH_A.TXT
trying,(VBZ is),is,CLOBTH_A.TXT
thinking,(VBP am),am,CLOBTH_A.TXT
getting,(VBD were),were,CLOBTH_A.TXT
learning,(VBP are),are,CLOBTH_A.TXT
hoping,(VBP are),are,CLOBTH_A.TXT
winning,(VBD were),were,CLOBTH_A.TXT
being,(VBP are),are,CLOBTH_A.TXT
beginning,(VBD were),were,CLOBTH_A.TXT
being,(VBD were),were,CLOBTH_A.TXT
being,(VBD were),were,CLOBTH_A.TXT
being,(VBG being),being,CLOBTH_A.TXT
being,(VBD were),were,CLOBTH_A.TXT
taking,(VBZ is),is,CLOBTH_A.TXT
planning,(VBD were),were,CLOBTH_A.TXT
using,(VBD were),were,CLOBTH_A.TXT
being,(VBZ is),is,CLOBTH_A.TXT
firing,(VBD were),were,CLOBTH_A.TXT
having,(VBD were),were,CLOBTH_A.TXT
playing,(VBZ is),is,CLOBTH_A.TXT
being,(VBP are),are,CLOBTH_A.TXT
holidaying,(VBZ is),is,CLOBTH_A.TXT
going,(VBZ is),is,CLOBTH_A.TXT
making,(VBD were),were,CLOBTH_A.TXT
passing,(VBZ is),is,CLOBTH_A.TXT
experiencing,(VBZ is),is,CLOBTH_A.TXT
being,(VBD were),were,CLOBTH_A.TXT
using,(VBZ is),is,CLOBTH_A.TXT
being,(VBZ is),is,CLOBTH_A.TXT
attempting,(VBN been),been,CLOBTH_A.TXT
attempting,(VBZ has),has,CLOBTH_A.TXT
seeking,(VBP are),are,CLOBTH_A.TXT
seeking,(VBP are),are,CLOBTH_A.TXT
being,(VBZ is),is,CLOBTH_A.TXT
preparing,(VBZ is),is,CLOBTH_A.TXT
galloping,(VBD were),were,CLOBTH_A.TXT
working,(VBN been),been,CLOBTH_A.TXT
putting,(VBN been),been,CLOBTH_A.TXT
putting,(VBZ has),has,CLOBTH_A.TXT
moving,(VBN been),been,CLOBTH_A.TXT
moving,(VBZ has),has,CLOBTH_A.TXT
exploding,(VBZ is),is,CLOBTH_A.TXT
happening,(VBZ is),is,CLOBTH_A.TXT
happening,(VBZ is),is,CLOBTH_A.TXT
refereeing,(VBN been),been,CLOBTH_A.TXT
refereeing,(VBZ has),has,CLOBTH_A.TXT
finding,(VBZ is),is,CLOBTH_A.TXT
looking,(VBZ is),is,CLOBTH_A.TXT
waiting,(VBP are),are,CLOBTH_A.TXT
seeing,(VBP are),are,CLOBTH_A.TXT
being,(VBP are),are,CLOBTH_A.TXT
preparing,(VBZ is),is,CLOBTH_A.TXT
having,(VBP 'm),'m,CLOBTH_A.TXT
having,(VBP are),are,CLOBTH_A.TXT
looking,(VBP are),are,CLOBTH_A.TXT
building,(VBP are),are,CLOBTH_A.TXT
wearing,(VBN been),been,CLOBTH_A.TXT
standing,(VBN been),been,CLOBTH_A.TXT
expecting,(VBZ is),is,CLOBTH_A.TXT
wearing,(VBN been),been,CLOBTH_A.TXT
doing,(VBP are),are,CLOBTH_A.TXT
driving,(VBN been),been,CLOBTH_A.TXT
doing,(VBD were),were,CLOBTH_A.TXT
looking,(VBD were),were,CLOBTH_A.TXT
showing,(VBZ is),is,CLOBTH_A.TXT
going,(VBP are),are,CLOBTH_A.TXT
becoming,(VBZ is),is,CLOBTH_A.TXT
making,(VBZ is),is,CLOBTH_A.TXT
staying,(VBZ is),is,CLOBTH_A.TXT
attending,(VBZ is),is,CLOBTH_A.TXT
trying,(VBP are),are,CLOBTH_A.TXT
striving,(VBZ is),is,CLOBTH_A.TXT
painting,(VBN been),been,CLOBTH_A.TXT
painting,(VBZ has),has,CLOBTH_A.TXT
striving,(VBN been),been,CLOBTH_A.TXT
striving,(VBZ has),has,CLOBTH_A.TXT
going,(VBZ is),is,CLOBTH_A.TXT
flashing,(VBN been),been,CLOBTH_A.TXT
flashing,(VBZ has),has,CLOBTH_A.TXT
quitting,(VBP are),are,CLOBTH_A.TXT
going,(VBP are),are,CLOBTH_A.TXT
being,(VBZ is),is,CLOBTH_A.TXT
raising,(VBZ is),is,CLOBTH_A.TXT
going,(VBZ is),is,CLOBTH_A.TXT
pointing,(VBN been),been,CLOBTH_A.TXT
pointing,(VBZ has),has,CLOBTH_A.TXT
using,(VBZ is),is,CLOBTH_A.TXT
putting,(VBZ is),is,CLOBTH_A.TXT
playing,(VBP are),are,CLOBTH_A.TXT
playing,(VBP 'm),'m,CLOBTH_A.TXT
talking,(VBD were),were,CLOBTH_A.TXT
giving,(VBZ is),is,CLOBTH_A.TXT
working,(VBN been),been,CLOBTH_A.TXT
finding,(VBZ has),has,CLOBTH_A.TXT
playing,(VBN been),been,CLOBTH_A.TXT
going,(VBP 're),'re,CLOBTH_A.TXT
causing,(VBZ is),is,CLOBTH_A.TXT
directing,(VBZ is),is,CLOBTH_A.TXT
denouncing,(VBZ is),is,CLOBTH_A.TXT
getting,(VBP are),are,CLOBTH_A.TXT
talking,(VBZ is),is,CLOBTH_A.TXT
going,(VBD were),were,CLOBTH_A.TXT
playing,(VBP 're),'re,CLOBTH_A.TXT
leaving,(VBZ is),is,CLOBTH_A.TXT
visiting,(VBP are),are,CLOBTH_A.TXT
being,(VBP are),are,CLOBTH_A.TXT
taking,(VBZ is),is,CLOBTH_A.TXT
using,(VBN been),been,CLOBTH_A.TXT
planning,(VBZ is),is,CLOBTH_A.TXT
striving,(VBP are),are,CLOBTH_A.TXT
being,(VBZ is),is,CLOBTH_A.TXT
trespassing,(VBD were),were,CLOBTH_A.TXT
returning,(VBD were),were,CLOBTH_A.TXT
parking,(VBD were),were,CLOBTH_A.TXT
going,(VBP am),am,CLOBTH_A.TXT
grazing,(VBN been),been,CLOBTH_A.TXT
staying,(VBP are),are,CLOBTH_A.TXT
being,(VBZ is),is,CLOBTH_A.TXT
being,(VBZ is),is,CLOBTH_A.TXT
making,(VBZ is),is,CLOBTH_A.TXT
receiving,(VBP are),are,CLOBTH_A.TXT
writing,(VBP am),am,CLOBTH_A.TXT
keeping,(VBP are),are,CLOBTH_A.TXT
keeping,(VBP are),are,CLOBTH_A.TXT
working,(VBP are),are,CLOBTH_B.TXT
encouraging,(VBZ is),is,CLOBTH_B.TXT
growing,(VBN been),been,CLOBTH_B.TXT
growing,(VBZ has),has,CLOBTH_B.TXT
moving,(VBP are),are,CLOBTH_B.TXT
waiting,(VBP are),are,CLOBTH_B.TXT
meeting,(VBP are),are,CLOBTH_B.TXT
being,(VBZ is),is,CLOBTH_B.TXT
being,(VBZ is),is,CLOBTH_B.TXT
leading,(VBZ is),is,CLOBTH_B.TXT
saying,(VBZ is),is,CLOBTH_B.TXT
being,(VBZ is),is,CLOBTH_B.TXT
sending,(VBZ is),is,CLOBTH_B.TXT
looking,(VBZ is),is,CLOBTH_B.TXT
dividing,(VBZ is),is,CLOBTH_B.TXT
hanging,(VBZ is),is,CLOBTH_B.TXT
adjusting,(VBZ is),is,CLOBTH_B.TXT
listening,(VBZ is),is,CLOBTH_B.TXT
reminding,(VBD were),were,CLOBTH_B.TXT
destroying,(VBZ is),is,CLOBTH_B.TXT
getting,(VBD were),were,CLOBTH_B.TXT
laying,(VBZ is),is,CLOBTH_B.TXT
complaining,(VBP are),are,CLOBTH_B.TXT
trying,(VBZ is),is,CLOBTH_B.TXT
going,(VBZ 's),'s,CLOBTH_B.TXT
going,(VBD were),were,CLOBTH_B.TXT
being,(VBD were),were,CLOBTH_B.TXT
bullying,(VBP are),are,CLOBTH_B.TXT
urging,(VBZ is),is,CLOBTH_B.TXT
urging,(VBZ is),is,CLOBTH_B.TXT
paying,(VBZ is),is,CLOBTH_B.TXT
going,(VBZ 's),'s,CLOBTH_B.TXT
fighting,(VBD were),were,CLOBTH_B.TXT
advancing,(VBP are),are,CLOBTH_B.TXT
growing,(VBZ is),is,CLOBTH_B.TXT
being,(VBZ is),is,CLOBTH_B.TXT
advancing,(VBZ is),is,CLOBTH_B.TXT
beginning,(VBP are),are,CLOBTH_B.TXT
turning,(VBN been),been,CLOBTH_B.TXT
paying,(VBZ is),is,CLOBTH_B.TXT
attempting,(VBP are),are,CLOBTH_B.TXT
running,(VBZ is),is,CLOBTH_B.TXT
searching,(VBN been),been,CLOBTH_B.TXT
being,(VBZ is),is,CLOBTH_B.TXT
wielding,(VBZ is),is,CLOBTH_B.TXT
coming,(VBZ is),is,CLOBTH_B.TXT
grooming,(VBN been),been,CLOBTH_B.TXT
grooming,(VBZ has),has,CLOBTH_B.TXT
failing,(VBZ is),is,CLOBTH_B.TXT
drawing,(VBZ is),is,CLOBTH_B.TXT
fighting,(VBZ is),is,CLOBTH_B.TXT
failing,(VBZ is),is,CLOBTH_B.TXT
listening,(VBN been),been,CLOBTH_B.TXT
happening,(VBZ 's),'s,CLOBTH_B.TXT
waiting,(VBN been),been,CLOBTH_B.TXT
increasing,(VBZ is),is,CLOBTH_B.TXT
absorbing,(VBZ is),is,CLOBTH_B.TXT
having,(VBP are),are,CLOBTH_B.TXT
doing,(VBZ is),is,CLOBTH_B.TXT
tackling,(VBZ is),is,CLOBTH_B.TXT
cutting,(VBZ is),is,CLOBTH_B.TXT
resulting,(VBZ is),is,CLOBTH_B.TXT
making,(VBZ is),is,CLOBTH_B.TXT
being,(VBZ is),is,CLOBTH_B.TXT
asking,(VBZ is),is,CLOBTH_B.TXT
providing,(VBN been),been,CLOBTH_B.TXT
getting,(VBZ is),is,CLOBTH_B.TXT
going,(VBP are),are,CLOBTH_B.TXT
trying,(VBP are),are,CLOBTH_B.TXT
waiting,(VBD were),were,CLOBTH_B.TXT
doing,(VBP are),are,CLOBTH_B.TXT
behaving,(VBP are),are,CLOBTH_B.TXT
going,(VBP are),are,CLOBTH_B.TXT
going,(VBP are),are,CLOBTH_B.TXT
turning,(VBZ is),is,CLOBTH_B.TXT
going,(VBP are),are,CLOBTH_B.TXT
causing,(VBN been),been,CLOBTH_B.TXT
giving,(VBP are),are,CLOBTH_B.TXT
costing,(VBZ is),is,CLOBTH_B.TXT
costing,(VBZ is),is,CLOBTH_B.TXT
being,(VBP are),are,CLOBTH_B.TXT
sending,(VBD were),were,CLOBTH_B.TXT
writing,(VBP are),are,CLOBTH_B.TXT
earning,(VBZ is),is,CLOBTH_B.TXT
going,(VBZ 's),'s,CLOBTH_B.TXT
going,(VBP are),are,CLOBTH_B.TXT
thinking,(VBP am),am,CLOBTH_B.TXT
doing,(VBZ is),is,CLOBTH_B.TXT
going,(VBZ is),is,CLOBTH_B.TXT
using,(VBP are),are,CLOBTH_B.TXT
going,(VBZ is),is,CLOBTH_B.TXT
meeting,(VBN been),been,CLOBTH_B.TXT
meeting,(VBZ has),has,CLOBTH_B.TXT
behaving,(VBN been),been,CLOBTH_B.TXT
behaving,(VBZ has),has,CLOBTH_B.TXT
moving,(VBZ is),is,CLOBTH_B.TXT
looking,(VBZ is),is,CLOBTH_B.TXT
cooling,(VBP are),are,CLOBTH_B.TXT
consulting,(VBZ is),is,CLOBTH_B.TXT
preparing,(VBP are),are,CLOBTH_B.TXT
driving,(VBP am),am,CLOBTH_B.TXT
driving,(VBN been),been,CLOBTH_B.TXT
experiencing,(VBP are),are,CLOBTH_B.TXT
disturbing,(VBZ is),is,CLOBTH_B.TXT
dealing,(VBN been),been,CLOBTH_B.TXT
weakening,(VBD were),were,CLOBTH_B.TXT
happening,(VBZ is),is,CLOBTH_B.TXT
watching,(VBZ is),is,CLOBTH_B.TXT
being,(VBZ is),is,CLOBTH_B.TXT
having,(VBP are),are,CLOBTH_B.TXT
developing,(VBZ is),is,CLOBTH_B.TXT
studying,(VBP are),are,CLOBTH_B.TXT
building,(VBZ is),is,CLOBTH_B.TXT
reshaping,(VBP are),are,CLOBTH_B.TXT
equipping,(VBP are),are,CLOBTH_B.TXT
building,(VBZ is),is,CLOBTH_B.TXT
opening,(VBZ is),is,CLOBTH_B.TXT
paying,(VBP are),are,CLOBTH_B.TXT
running,(VBP are),are,CLOBTH_B.TXT
staying,(VBP are),are,CLOBTH_B.TXT
talking,(VBP are),are,CLOBTH_B.TXT
becoming,(VBP are),are,CLOBTH_B.TXT
trying,(VBP are),are,CLOBTH_B.TXT
increasing,(VBZ is),is,CLOBTH_B.TXT
becoming,(VBZ is),is,CLOBTH_B.TXT
being,(VBZ is),is,CLOBTH_B.TXT
being,(VBP are),are,CLOBTH_B.TXT
trying,(VBP are),are,CLOBTH_B.TXT
negotiating,(VBP are),are,CLOBTH_B.TXT
pressing,(VBN been),been,CLOBTH_B.TXT
anticipating,(VBP are),are,CLOBTH_B.TXT
going,(VBN been),been,CLOBTH_B.TXT
going,(VBZ has),has,CLOBTH_B.TXT
shining,(VBZ was),was,CLOBTH_B.TXT
thinking,(VBN been),been,CLOBTH_B.TXT
being,(VBZ is),is,CLOBTH_B.TXT
blocking,(VBP are),are,CLOBTH_B.TXT
suggesting,(VBP are),are,CLOBTH_B.TXT
adopting,(VBZ is),is,CLOBTH_B.TXT
collecting,(VBZ is),is,CLOBTH_B.TXT
paying,(VBP are),are,CLOBTH_B.TXT
getting,(VBP are),are,CLOBTH_B.TXT
getting,(VBP are),are,CLOBTH_B.TXT
looking,(VBP are),are,CLOBTH_B.TXT
telling,(VBP 're),'re,CLOBTH_B.TXT
keeping,(VBZ 's),'s,CLOBTH_B.TXT
kidding,(VBP are),are,CLOBTH_B.TXT
asking,(VBP are),are,CLOBTH_B.TXT
making,(VBZ is),is,CLOBTH_B.TXT
doing,(VBN been),been,CLOBTH_B.TXT
happening,(VBZ is),is,CLOBTH_B.TXT
living,(VBP are),are,CLOBTH_B.TXT
helping,(VBP are),are,CLOBTH_B.TXT
hoping,(VBP are),are,CLOBTH_B.TXT
being,(VBZ is),is,CLOBTH_B.TXT
going,(VBZ is),is,CLOBTH_B.TXT
improving,(VBZ is),is,CLOBTH_B.TXT
being,(VBZ is),is,CLOBTH_B.TXT
being,(VBP are),are,CLOBTH_B.TXT
bursting,(VBP are),are,CLOBTH_B.TXT
coming,(VBP are),are,CLOBTH_B.TXT
voting,(VBD were),were,CLOBTH_B.TXT
striving,(VBP are),are,CLOBTH_B.TXT
investigating,(VBN been),been,CLOBTH_B.TXT
settling,(VBP are),are,CLOBTH_B.TXT
being,(VBP are),are,CLOBTH_B.TXT
waiting,(VBZ is),is,CLOBTH_C.TXT
being,(VBZ is),is,CLOBTH_C.TXT
waiting,(VBN been),been,CLOBTH_C.TXT
waiting,(VBZ has),has,CLOBTH_C.TXT
seeing,(VBP are),are,CLOBTH_C.TXT
bearing,(VBZ is),is,CLOBTH_C.TXT
looking,(VBP are),are,CLOBTH_C.TXT
being,(VBD were),were,CLOBTH_C.TXT
serving,(VBN been),been,CLOBTH_C.TXT
caring,(VBN been),been,CLOBTH_C.TXT
caring,(VBZ has),has,CLOBTH_C.TXT
standing,(VBZ is),is,CLOBTH_C.TXT
asking,(VBZ is),is,CLOBTH_C.TXT
doing,(VBD were),were,CLOBTH_C.TXT
aiming,(VBZ is),is,CLOBTH_C.TXT
applying,(VBP are),are,CLOBTH_C.TXT
urging,(VBP are),are,CLOBTH_C.TXT
making,(VBD were),were,CLOBTH_C.TXT
being,(VBZ is),is,CLOBTH_C.TXT
writing,(VBP 're),'re,CLOBTH_C.TXT
using,(VBZ is),is,CLOBTH_C.TXT
scheming,(VBP 're),'re,CLOBTH_C.TXT
becoming,(VBZ is),is,CLOBTH_C.TXT
bemoaning,(VBN been),been,CLOBTH_C.TXT
reacting,(VBZ is),is,CLOBTH_C.TXT
murdering,(VBD were),were,CLOBTH_C.TXT
looking,(VBD were),were,CLOBTH_C.TXT
saying,(VBZ is),is,CLOBTH_C.TXT
standing,(VBZ is),is,CLOBTH_C.TXT
giggling,(VBZ is),is,CLOBTH_C.TXT
telling,(VBZ is),is,CLOBTH_C.TXT
beginning,(VBZ is),is,CLOBTH_C.TXT
witnessing,(VBD were),were,CLOBTH_C.TXT
saying,(VBZ is),is,CLOBTH_C.TXT
getting,(VBZ is),is,CLOBTH_C.TXT
delighting,(VBN been),been,CLOBTH_C.TXT
delighting,(VBZ has),has,CLOBTH_C.TXT
painting,(VBZ is),is,CLOBTH_C.TXT
painting,(VBP are),are,CLOBTH_C.TXT
exhibiting,(VBZ is),is,CLOBTH_C.TXT
collecting,(VBZ is),is,CLOBTH_C.TXT
launching,(VBP are),are,CLOBTH_C.TXT
breaking,(VBP are),are,CLOBTH_C.TXT
harbouring,(VBZ is),is,CLOBTH_C.TXT
going,(VBN been),been,CLOBTH_C.TXT
going,(VBZ has),has,CLOBTH_C.TXT
directing,(VBZ is),is,CLOBTH_C.TXT
going,(VBP are),are,CLOBTH_C.TXT
going,(VBZ is),is,CLOBTH_C.TXT
rolling,(VBZ is),is,CLOBTH_D.TXT
living,(VBZ is),is,CLOBTH_D.TXT
seeking,(VBZ is),is,CLOBTH_D.TXT
keeping,(VBZ is),is,CLOBTH_D.TXT
setting,(VBZ is),is,CLOBTH_D.TXT
suggesting,(VBZ is),is,CLOBTH_D.TXT
crushing,(VBZ is),is,CLOBTH_D.TXT
lacking,(VBZ is),is,CLOBTH_D.TXT
eating,(VBD were),were,CLOBTH_D.TXT
seeking,(VBZ is),is,CLOBTH_D.TXT
conducting,(VBZ is),is,CLOBTH_D.TXT
eating,(VBD were),were,CLOBTH_D.TXT
plotting,(VBD were),were,CLOBTH_D.TXT
worrying,(VBZ is),is,CLOBTH_D.TXT
suggesting,(VBP am),am,CLOBTH_D.TXT
being,(VBZ is),is,CLOBTH_D.TXT
going,(VBZ is),is,CLOBTH_D.TXT
going,(VBP are),are,CLOBTH_D.TXT
calling,(VBP are),are,CLOBTH_D.TXT
arguing,(VBP am),am,CLOBTH_D.TXT
quoting,(VBP are),are,CLOBTH_D.TXT
quoting,(VBZ is),is,CLOBTH_D.TXT
breaking,(VBZ is),is,CLOBTH_D.TXT
leading,(VBN been),been,CLOBTH_D.TXT
leading,(VBZ has),has,CLOBTH_D.TXT
analysing,(VBZ is),is,CLOBTH_D.TXT
clouding,(VBP are),are,CLOBTH_D.TXT
obstructing,(VBP are),are,CLOBTH_D.TXT
needing,(VBZ is),is,CLOBTH_D.TXT
having,(VBZ is),is,CLOBTH_D.TXT
doing,(VBP are),are,CLOBTH_D.TXT
pursuing,(VBP are),are,CLOBTH_D.TXT
maintaining,(VBP are),are,CLOBTH_D.TXT
working,(VBD were),were,CLOBTH_D.TXT
coming,(VBZ is),is,CLOBTH_D.TXT
doing,(VBD were),were,CLOBTH_D.TXT
meaning,(VBZ is),is,CLOBTH_D.TXT
doing,(VBD were),were,CLOBTH_D.TXT
studying,(VBP are),are,CLOBTH_D.TXT
reaching,(VBZ is),is,CLOBTH_D.TXT
publishing,(VBZ is),is,CLOBTH_D.TXT
working,(VBD were),were,CLOBTH_D.TXT
praying,(VBP are),are,CLOBTH_D.TXT
being,(VBZ is),is,CLOBTH_D.TXT
suffering,(VBZ is),is,CLOBTH_D.TXT
talking,(VBP are),are,CLOBTH_D.TXT
going,(VBZ 's),'s,CLOBTH_D.TXT
looking,(VBP 'm),'m,CLOBTH_D.TXT
going,(VBZ was),was,CLOBTH_D.TXT
making,(VBD were),were,CLOBTH_D.TXT
telling,(VBD were),were,CLOBTH_D.TXT
going,(VBP are),are,CLOBTH_D.TXT
trying,(VBP are),are,CLOBTH_D.TXT
going,(VBZ 's),'s,CLOBTH_D.TXT
going,(VBP are),are,CLOBTH_D.TXT
doing,(VBZ is),is,CLOBTH_D.TXT
taking,(VBZ is),is,CLOBTH_D.TXT
being,(VBP are),are,CLOBTH_D.TXT
facing,(VBZ is),is,CLOBTH_E.TXT
being,(VBZ is),is,CLOBTH_E.TXT
twirling,(VBP are),are,CLOBTH_E.TXT
wearing,(VBP are),are,CLOBTH_E.TXT
turning,(VBP are),are,CLOBTH_E.TXT
breaking,(VBZ is),is,CLOBTH_E.TXT
doing,(VBP are),are,CLOBTH_E.TXT
screwing,(VBP are),are,CLOBTH_E.TXT
gluing,(VBP are),are,CLOBTH_E.TXT
pouring,(VBN been),been,CLOBTH_E.TXT
pouring,(VBZ has),has,CLOBTH_E.TXT
producing,(VBN been),been,CLOBTH_E.TXT
hitting,(VBP are),are,CLOBTH_E.TXT
employing,(VBP are),are,CLOBTH_E.TXT
being,(VBZ is),is,CLOBTH_E.TXT
making,(VBN been),been,CLOBTH_E.TXT
recognizing,(VBP are),are,CLOBTH_E.TXT
marrying,(VBN been),been,CLOBTH_E.TXT
increasing,(VBP are),are,CLOBTH_E.TXT
going,(VBZ is),is,CLOBTH_E.TXT
branching,(VBN been),been,CLOBTH_E.TXT
travelling,(VBP are),are,CLOBTH_E.TXT
being,(VBP are),are,CLOBTH_E.TXT
using,(VBN been),been,CLOBTH_E.TXT
carrying,(VBP are),are,CLOBTH_E.TXT
trecking,(VBZ is),is,CLOBTH_E.TXT
thinking,(VBP are),are,CLOBTH_E.TXT
feeding,(VBP are),are,CLOBTH_E.TXT
helping,(VBP are),are,CLOBTH_E.TXT
getting,(VBZ is),is,CLOBTH_E.TXT
holding,(VBZ is),is,CLOBTH_E.TXT
passing,(VBN been),been,CLOBTH_E.TXT
working,(VBP are),are,CLOBTH_E.TXT
adding,(VBN been),been,CLOBTH_E.TXT
being,(VBD were),were,CLOBTH_E.TXT
facing,(VBP are),are,CLOBTH_E.TXT
becoming,(VBP are),are,CLOBTH_E.TXT
looking,(VBP are),are,CLOBTH_E.TXT
hoping,(VBZ 's),'s,CLOBTH_E.TXT
enjoying,(VBD were),were,CLOBTH_E.TXT
relaxing,(VBD were),were,CLOBTH_E.TXT
hoping,(VBP 're),'re,CLOBTH_E.TXT
working,(VBZ 's),'s,CLOBTH_E.TXT
devoting,(VBZ is),is,CLOBTH_E.TXT
catching,(VBP are),are,CLOBTH_E.TXT
bearing,(VBP are),are,CLOBTH_E.TXT
reading,(VBN been),been,CLOBTH_E.TXT
putting,(VBZ is),is,CLOBTH_E.TXT
playing,(VBD were),were,CLOBTH_E.TXT
continuing,(VBZ is),is,CLOBTH_E.TXT
looking,(VBP are),are,CLOBTH_E.TXT
going,(VBP am),am,CLOBTH_E.TXT
assessing,(VBP are),are,CLOBTH_E.TXT
carrying,(VBP are),are,CLOBTH_E.TXT
scudding,(VBP are),are,CLOBTH_E.TXT
pulling,(VBZ is),is,CLOBTH_E.TXT
running,(VBP are),are,CLOBTH_E.TXT
throwing,(VBP are),are,CLOBTH_E.TXT
settling,(VBZ is),is,CLOBTH_E.TXT
going,(VBZ is),is,CLOBTH_E.TXT
plashing,(VBP are),are,CLOBTH_E.TXT
chasing,(VBP are),are,CLOBTH_E.TXT
using,(VBN been),been,CLOBTH_E.TXT
flitting,(VBD were),were,CLOBTH_E.TXT
teeming,(VBD were),were,CLOBTH_E.TXT
failing,(VBD were),were,CLOBTH_E.TXT
being,(VBZ is),is,CLOBTH_E.TXT
preparing,(VBP are),are,CLOBTH_E.TXT
boxing,(VBZ is),is,CLOBTH_E.TXT
turning,(VBZ is),is,CLOBTH_E.TXT
thinking,(VBN been),been,CLOBTH_E.TXT
going,(VBN been),been,CLOBTH_E.TXT
making,(VBZ is),is,CLOBTH_E.TXT
drawing,(VBN been),been,CLOBTH_E.TXT
making,(VBN been),been,CLOBTH_E.TXT
producing,(VBN been),been,CLOBTH_E.TXT
producing,(VBZ has),has,CLOBTH_E.TXT
taking,(VBZ is),is,CLOBTH_E.TXT
being,(VBP are),are,CLOBTH_E.TXT
thriving,(VBN been),been,CLOBTH_E.TXT
reaching,(VBN been),been,CLOBTH_E.TXT
fascinating,(VBZ is),is,CLOBTH_E.TXT
rewarding,(VBZ is),is,CLOBTH_E.TXT
bursting,(VBZ is),is,CLOBTH_E.TXT
assuming,(VBZ is),is,CLOBTH_E.TXT
being,(VBP are),are,CLOBTH_E.TXT
climbing,(VBZ is),is,CLOBTH_E.TXT
shouting,(VBD were),were,CLOBTH_E.TXT
sweating,(VBD were),were,CLOBTH_E.TXT
being,(VBD were),were,CLOBTH_E.TXT
being,(VBP are),are,CLOBTH_E.TXT
staring,(VBZ is),is,CLOBTH_E.TXT
making,(VBP am),am,CLOBTH_E.TXT
going,(VBP are),are,CLOBTH_E.TXT
going,(VBP are),are,CLOBTH_E.TXT
disturbing,(VBD were),were,CLOBTH_E.TXT
having,(VBN been),been,CLOBTH_E.TXT
having,(VBZ 's),'s,CLOBTH_E.TXT
moving,(VBD were),were,CLOBTH_E.TXT
being,(VBD were),were,CLOBTH_E.TXT
spreading,(VBZ is),is,CLOBTH_E.TXT
talking,(VBP are),are,CLOBTH_E.TXT
proving,(VBP are),are,CLOBTH_E.TXT
having,(VBP are),are,CLOBTH_E.TXT
being,(VBZ is),is,CLOBTH_E.TXT
manufacturing,(VBZ is),is,CLOBTH_E.TXT
working,(VBP are),are,CLOBTH_E.TXT
doing,(VBP are),are,CLOBTH_E.TXT
coming,(VBD were),were,CLOBTH_E.TXT
making,(VBD were),were,CLOBTH_E.TXT
buying,(VBD were),were,CLOBTH_E.TXT
dealing,(VBP are),are,CLOBTH_E.TXT
prospering,(VBP are),are,CLOBTH_E.TXT
taking,(VBP are),are,CLOBTH_E.TXT
using,(VBP are),are,CLOBTH_E.TXT
rising,(VBP are),are,CLOBTH_E.TXT
receiving,(VBD were),were,CLOBTH_E.TXT
receiving,(VBD were),were,CLOBTH_E.TXT
embarking,(VBD were),were,CLOBTH_E.TXT
providing,(VBD were),were,CLOBTH_E.TXT
becoming,(VBZ is),is,CLOBTH_E.TXT
going,(VBN been),been,CLOBTH_E.TXT
taking,(VBZ is),is,CLOBTH_E.TXT
growing,(VBD were),were,CLOBTH_E.TXT
doing,(VBD were),were,CLOBTH_E.TXT
doing,(VBZ is),is,CLOBTH_E.TXT
going,(VBZ is),is,CLOBTH_E.TXT
fulfilling,(VBP are),are,CLOBTH_E.TXT
saying,(VBP am),am,CLOBTH_E.TXT
running,(VBZ is),is,CLOBTH_E.TXT
christening,(VBN been),been,CLOBTH_E.TXT
being,(VBZ is),is,CLOBTH_E.TXT
taking,(VBN been),been,CLOBTH_E.TXT
coming,(VBZ is),is,CLOBTH_E.TXT
being,(VBZ is),is,CLOBTH_E.TXT
being,(VBP are),are,CLOBTH_E.TXT
trying,(VBP are),are,CLOBTH_E.TXT
dressing,(VBP are),are,CLOBTH_E.TXT
soaring,(VBP are),are,CLOBTH_E.TXT
becoming,(VBZ is),is,CLOBTH_E.TXT
running,(VBZ is),is,CLOBTH_E.TXT
showing,(VBP are),are,CLOBTH_E.TXT
coming,(VBZ is),is,CLOBTH_E.TXT
going,(VBP are),are,CLOBTH_E.TXT
going,(VBZ is),is,CLOBTH_E.TXT
doing,(VBP are),are,CLOBTH_E.TXT
being,(VBZ is),is,CLOBTH_E.TXT
being,(VBZ is),is,CLOBTH_E.TXT
selling,(VBP are),are,CLOBTH_E.TXT
going,(VBP are),are,CLOBTH_E.TXT
wanting,(VBP are),are,CLOBTH_E.TXT
going,(VBZ is),is,CLOBTH_E.TXT
thinking,(VBP are),are,CLOBTH_E.TXT
being,(VBP are),are,CLOBTH_E.TXT
being,(VBZ is),is,CLOBTH_E.TXT
doing,(VBP are),are,CLOBTH_E.TXT
doing,(VBZ is),is,CLOBTH_E.TXT
day-dreaming,(VBZ is),is,CLOBTH_E.TXT
night-scheming,(VBZ is),is,CLOBTH_E.TXT
being,(VBD were),were,CLOBTH_E.TXT
being,(VBZ is),is,CLOBTH_E.TXT
relying,(VBP are),are,CLOBTH_E.TXT
being,(VBP are),are,CLOBTH_E.TXT
minding,(VBZ is),is,CLOBTH_E.TXT
puzzling,(VBZ is),is,CLOBTH_E.TXT
suffering,(VBP are),are,CLOBTH_E.TXT
breeding,(VBP are),are,CLOBTH_E.TXT
making,(VBN been),been,CLOBTH_E.TXT
giving,(VBZ is),is,CLOBTH_E.TXT
taking,(VBZ is),is,CLOBTH_E.TXT
going,(VBP am),am,CLOBTH_E.TXT
being,(VBP are),are,CLOBTH_E.TXT
becoming,(VBP are),are,CLOBTH_E.TXT
lying,(VBZ is),is,CLOBTH_E.TXT
being,(VBZ is),is,CLOBTH_E.TXT
eyeing,(VBP are),are,CLOBTH_E.TXT
using,(VBN been),been,CLOBTH_E.TXT
going,(VBP are),are,CLOBTH_F.TXT
coming,(VBZ is),is,CLOBTH_F.TXT
teaching,(VBZ is),is,CLOBTH_F.TXT
passing,(VBZ is),is,CLOBTH_F.TXT
encountering,(VBP am),am,CLOBTH_F.TXT
being,(VBP are),are,CLOBTH_F.TXT
sticking,(VBP are),are,CLOBTH_F.TXT
telling,(VBZ is),is,CLOBTH_F.TXT
going,(VBP are),are,CLOBTH_F.TXT
waiting,(VBP are),are,CLOBTH_F.TXT
talking,(VBZ is),is,CLOBTH_F.TXT
retiring,(VBZ is),is,CLOBTH_F.TXT
carrying,(VBN been),been,CLOBTH_F.TXT
lending,(VBN been),been,CLOBTH_F.TXT
casting,(VBD were),were,CLOBTH_F.TXT
being,(VBD were),were,CLOBTH_F.TXT
carrying,(VBN been),been,CLOBTH_F.TXT
waiting,(VBN seen),seen,CLOBTH_F.TXT
being,(VBD were),were,CLOBTH_F.TXT
going,(VBP are),are,CLOBTH_F.TXT
paying,(VBZ is),is,CLOBTH_F.TXT
sharing,(VBP are),are,CLOBTH_F.TXT
going,(VBZ is),is,CLOBTH_F.TXT
waiting,(VBZ is),is,CLOBTH_F.TXT
dying,(VBZ is),is,CLOBTH_F.TXT
collecting,(VBN been),been,CLOBTH_F.TXT
collecting,(VBZ has),has,CLOBTH_F.TXT
avoiding,(VBD were),were,CLOBTH_F.TXT
living,(VBP are),are,CLOBTH_F.TXT
looking,(VBD were),were,CLOBTH_F.TXT
lying,(VBD were),were,CLOBTH_F.TXT
walking,(VBD were),were,CLOBTH_F.TXT
talking,(VBD were),were,CLOBTH_F.TXT
wearing,(VBD were),were,CLOBTH_F.TXT
moving,(VBD were),were,CLOBTH_F.TXT
going,(VBP are),are,CLOBTH_F.TXT
getting,(VBZ 's),'s,CLOBTH_F.TXT
going,(VBP 'm),'m,CLOBTH_F.TXT
wearing,(VBD were),were,CLOBTH_F.TXT
going,(VBD were),were,CLOBTH_F.TXT
chasing,(VBD were),were,CLOBTH_F.TXT
trying,(VBZ is),is,CLOBTH_F.TXT
doing,(VBP are),are,CLOBTH_F.TXT
coming,(VBZ is),is,CLOBTH_F.TXT
trying,(VBP are),are,CLOBTH_F.TXT
trying,(VBP are),are,CLOBTH_F.TXT
doing,(VBP are),are,CLOBTH_F.TXT
watching,(VBZ is),is,CLOBTH_F.TXT
going,(VBP are),are,CLOBTH_F.TXT
going,(VBP are),are,CLOBTH_F.TXT
going,(VBP are),are,CLOBTH_F.TXT
going,(VBP are),are,CLOBTH_F.TXT
watching,(VBZ is),is,CLOBTH_F.TXT
trying,(VBZ is),is,CLOBTH_F.TXT
going,(VBP are),are,CLOBTH_F.TXT
seeking,(VBZ is),is,CLOBTH_F.TXT
telling,(VBP are),are,CLOBTH_F.TXT
returning,(VBZ is),is,CLOBTH_F.TXT
returning,(VBZ is),is,CLOBTH_F.TXT
trying,(VBP am),am,CLOBTH_F.TXT
talking,(VBZ 's),'s,CLOBTH_F.TXT
going,(VBP am),am,CLOBTH_F.TXT
staying,(VBD were),were,CLOBTH_F.TXT
going,(VBD were),were,CLOBTH_F.TXT
making,(VBZ 's),'s,CLOBTH_F.TXT
trying,(VBP 're),'re,CLOBTH_F.TXT
going,(VBD were),were,CLOBTH_F.TXT
paying,(VBD were),were,CLOBTH_F.TXT
living,(VBD were),were,CLOBTH_F.TXT
going,(VBZ 's),'s,CLOBTH_F.TXT
going,(VBZ was),was,CLOBTH_F.TXT
going,(VBZ is),is,CLOBTH_F.TXT
trying,(VBD were),were,CLOBTH_F.TXT
getting,(VBZ 's),'s,CLOBTH_F.TXT
growing,(VBZ 's),'s,CLOBTH_F.TXT
growing,(VBP are),are,CLOBTH_F.TXT
proving,(VBZ is),is,CLOBTH_F.TXT
developing,(VBP are),are,CLOBTH_F.TXT
growing,(VBP are),are,CLOBTH_F.TXT
advancing,(VBP are),are,CLOBTH_F.TXT
getting,(VBZ is),is,CLOBTH_F.TXT
getting,(VBP are),are,CLOBTH_F.TXT
delving,(VBP are),are,CLOBTH_F.TXT
taking,(VBZ is),is,CLOBTH_F.TXT
proving,(VBZ is),is,CLOBTH_F.TXT
maturing,(VBP are),are,CLOBTH_F.TXT
developing,(VBP are),are,CLOBTH_F.TXT
growing,(VBP are),are,CLOBTH_F.TXT
advancing,(VBP are),are,CLOBTH_F.TXT
trying,(VBZ is),is,CLOBTH_F.TXT
brimming,(VBZ is),is,CLOBTH_F.TXT
changing,(VBZ is),is,CLOBTH_F.TXT
being,(VBZ is),is,CLOBTH_F.TXT
clinging,(VBZ is),is,CLOBTH_F.TXT
bringing,(VBP are),are,CLOBTH_F.TXT
shopping,(VBN been),been,CLOBTH_F.TXT
serving,(VBZ 's),'s,CLOBTH_F.TXT
wearing,(VBP are),are,CLOBTH_F.TXT
being,(VBZ is),is,CLOBTH_F.TXT
longing,(VBN been),been,CLOBTH_F.TXT
going,(VBP are),are,CLOBTH_F.TXT
running,(VBP are),are,CLOBTH_F.TXT
going,(VBD were),were,CLOBTH_F.TXT
approaching,(VBZ is),is,CLOBTH_F.TXT
making,(VBZ is),is,CLOBTH_F.TXT
taking,(VBD were),were,CLOBTH_F.TXT
driving,(VBZ is),is,CLOBTH_F.TXT
plunging,(VBN been),been,CLOBTH_F.TXT
advancing,(VBD were),were,CLOBTH_F.TXT
seeking,(VBD were),were,CLOBTH_F.TXT
preparing,(VBD were),were,CLOBTH_F.TXT
heading,(VBD were),were,CLOBTH_F.TXT
waiting,(VBD were),were,CLOBTH_F.TXT
approaching,(VBD were),were,CLOBTH_F.TXT
going,(VBZ 's),'s,CLOBTH_F.TXT
going,(VBP 'm),'m,CLOBTH_F.TXT
swimming,(VBP 'm),'m,CLOBTH_F.TXT
going,(VBP 'm),'m,CLOBTH_F.TXT
going,(VBN been),been,CLOBTH_F.TXT
going,(VBZ has),has,CLOBTH_F.TXT
occurring,(VBP are),are,CLOBTH_F.TXT
progressing,(VBZ is),is,CLOBTH_F.TXT
starting,(VBZ is),is,CLOBTH_F.TXT
progressing,(VBZ is),is,CLOBTH_F.TXT
bringing,(VBP are),are,CLOBTH_F.TXT
managing,(VBZ is),is,CLOBTH_F.TXT
being,(VBZ 's),'s,CLOBTH_F.TXT
waiting,(VBN been),been,CLOBTH_F.TXT
waiting,(VBZ 's),'s,CLOBTH_F.TXT
delivering,(VBZ is),is,CLOBTH_F.TXT
having,(VBZ is),is,CLOBTH_F.TXT
waiting,(VBP am),am,CLOBTH_F.TXT
going,(VBP 'm),'m,CLOBTH_F.TXT
going,(VBZ 's),'s,CLOBTH_F.TXT
getting,(VBN been),been,CLOBTH_F.TXT
bursting,(VBP 're),'re,CLOBTH_F.TXT
walking,(VBP 're),'re,CLOBTH_F.TXT
fighting,(VBP 're),'re,CLOBTH_F.TXT
shining,(VBZ is),is,CLOBTH_F.TXT
lying,(VBN been),been,CLOBTH_F.TXT
asking,(VBP 're),'re,CLOBTH_F.TXT
working,(VBD were),were,CLOBTH_F.TXT
raging,(VBN been),been,CLOBTH_F.TXT
attacking,(VBD were),were,CLOBTH_F.TXT
accepting,(VBZ is),is,CLOBTH_F.TXT
rejecting,(VBN been),been,CLOBTH_F.TXT
thwarting,(VBN been),been,CLOBTH_F.TXT
exhibiting,(VBN been),been,CLOBTH_F.TXT
enlarging,(VBZ has),has,CLOBTH_F.TXT
doing,(VBN been),been,CLOBTH_F.TXT
working,(VBN been),been,CLOBTH_F.TXT
perfecting,(VBN been),been,CLOBTH_F.TXT
being,(VBZ is),is,CLOBTH_F.TXT
saving,(VBD emptied),emptied,CLOBTH_F.TXT
carrying,(VBZ is),is,CLOBTH_F.TXT
publishing,(VBZ is),is,CLOBTH_F.TXT
assisting,(VBZ is),is,CLOBTH_F.TXT
providing,(VBZ is),is,CLOBTH_F.TXT
translating,(VBZ is),is,CLOBTH_F.TXT
being,(VBZ is),is,CLOBTH_F.TXT
sparing,(VBZ is),is,CLOBTH_F.TXT
organising,(VBN been),been,CLOBTH_F.TXT
organising,(VBZ has),has,CLOBTH_F.TXT
being,(VBP are),are,CLOBTH_F.TXT
being,(VBP are),are,CLOBTH_F.TXT
enjoying,(VBP are),are,CLOBTH_F.TXT
being,(VBZ is),is,CLOBTH_F.TXT
coming,(VBP are),are,CLOBTH_F.TXT
springing,(VBP are),are,CLOBTH_F.TXT
spawning,(VBZ is),is,CLOBTH_F.TXT
becoming,(VBZ is),is,CLOBTH_F.TXT
passing,(VBZ is),is,CLOBTH_F.TXT
being,(VBP are),are,CLOBTH_F.TXT
beginning,(VBP are),are,CLOBTH_F.TXT
having,(VBZ is),is,CLOBTH_F.TXT
becoming,(VBP are),are,CLOBTH_F.TXT
booming,(VBP are),are,CLOBTH_F.TXT
contemplating,(VBP are),are,CLOBTH_F.TXT
playing,(VBN been),been,CLOBTH_F.TXT
telling,(VBN been),been,CLOBTH_F.TXT
making,(VBD were),were,CLOBTH_F.TXT
auditioning,(VBZ is),is,CLOBTH_F.TXT
expecting,(VBZ is),is,CLOBTH_F.TXT
appearing,(VBD were),were,CLOBTH_F.TXT
discussing,(VBZ is),is,CLOBTH_F.TXT
going,(VBZ is),is,CLOBTH_F.TXT
keeping,(VBN been),been,CLOBTH_F.TXT
keeping,(VBZ has),has,CLOBTH_F.TXT
practising,(VBZ is),is,CLOBTH_F.TXT
expressing,(VBD were),were,CLOBTH_G.TXT
comparing,(VBD were),were,CLOBTH_G.TXT
dissipating,(VBD were),were,CLOBTH_G.TXT
becoming,(VBD were),were,CLOBTH_G.TXT
worrying,(VBN been),been,CLOBTH_G.TXT
serving,(VBN been),been,CLOBTH_G.TXT
going,(VBD were),were,CLOBTH_G.TXT
propagating,(VBN been),been,CLOBTH_G.TXT
veering,(VBN been),been,CLOBTH_G.TXT
looking,(VBP am),am,CLOBTH_G.TXT
going,(VBZ is),is,CLOBTH_G.TXT
singeing,(VBD were),were,CLOBTH_G.TXT
fawning,(VBN betrayed),betrayed,CLOBTH_G.TXT
purveying,(VBN betrayed),betrayed,CLOBTH_G.TXT
smelling,(VBG standing),standing,CLOBTH_G.TXT
hoeing,(VBN been),been,CLOBTH_G.TXT
having,(VBD were),were,CLOBTH_G.TXT
wielding,(VBN been),been,CLOBTH_G.TXT
sharpening,(VBD were),were,CLOBTH_G.TXT
going,(VBD were),were,CLOBTH_G.TXT
coming,(VBD were),were,CLOBTH_G.TXT
going,(VBZ is),is,CLOBTH_G.TXT
acting,(VBZ is),is,CLOBTH_G.TXT
pretending,(VBP are),are,CLOBTH_G.TXT
happening,(VBZ is),is,CLOBTH_G.TXT
hoping,(VBZ is),is,CLOBTH_G.TXT
saying,(VBZ is),is,CLOBTH_G.TXT
seeing,(VBP are),are,CLOBTH_G.TXT
taking,(VBP are),are,CLOBTH_G.TXT
trying,(VBD were),were,CLOBTH_G.TXT
knowing,(VBD were),were,CLOBTH_G.TXT
saying,(VBZ is),is,CLOBTH_G.TXT
coming,(VBD were),were,CLOBTH_G.TXT
coming,(VBD were),were,CLOBTH_G.TXT
sitting,(VBN been),been,CLOBTH_G.TXT
sitting,(VBN been),been,CLOBTH_G.TXT
ploughing,(VBN been),been,CLOBTH_G.TXT
growing,(VBD were),were,CLOBTH_G.TXT
going,(VBZ is),is,CLOBTH_G.TXT
caballing,(VBZ is),is,CLOBTH_G.TXT
coming,(VBZ is),is,CLOBTH_G.TXT
getting,(VBP are),are,CLOBTH_G.TXT
canvassing,(VBD were),were,CLOBTH_G.TXT
getting,(VBP are),are,CLOBTH_G.TXT
going,(VBZ is),is,CLOBTH_G.TXT
exploring,(VBP are),are,CLOBTH_G.TXT
making,(VBD were),were,CLOBTH_G.TXT
trampling,(VBD were),were,CLOBTH_G.TXT
growing,(VBD were),were,CLOBTH_G.TXT
drawing,(VBD were),were,CLOBTH_G.TXT
waiting,(VBD were),were,CLOBTH_G.TXT
working,(VBD were),were,CLOBTH_G.TXT
testing,(VBD were),were,CLOBTH_G.TXT
going,(VBD were),were,CLOBTH_G.TXT
lying,(VBD were),were,CLOBTH_G.TXT
convulsing,(VBD were),were,CLOBTH_G.TXT
being,(VBD were),were,CLOBTH_G.TXT
following,(VBD were),were,CLOBTH_G.TXT
reading,(VBD were),were,CLOBTH_G.TXT
looking,(VBN been),been,CLOBTH_G.TXT
grazing,(VBD were),were,CLOBTH_G.TXT
overestimating,(VBD were),were,CLOBTH_G.TXT
underestimating,(VBD were),were,CLOBTH_G.TXT
telling,(VBN been),been,CLOBTH_G.TXT
going,(VBP are),are,CLOBTH_G.TXT
expressing,(VBN been),been,CLOBTH_G.TXT
expressing,(VBZ has),has,CLOBTH_G.TXT
living,(VBN been),been,CLOBTH_G.TXT
trying,(VBN been),been,CLOBTH_G.TXT
appearing,(VBD were),were,CLOBTH_G.TXT
sinking,(VBZ is),is,CLOBTH_G.TXT
landing,(VBP are),are,CLOBTH_G.TXT
dealing,(VBP are),are,CLOBTH_G.TXT
saying,(VBP are),are,CLOBTH_G.TXT
starving,(VBP are),are,CLOBTH_G.TXT
knitting,(VBP are),are,CLOBTH_G.TXT
making,(VBZ is),is,CLOBTH_G.TXT
coming,(VBZ is),is,CLOBTH_G.TXT
doing,(VBP are),are,CLOBTH_G.TXT
making,(VBP are),are,CLOBTH_G.TXT
dealing,(VBP are),are,CLOBTH_G.TXT
acting,(VBN been),been,CLOBTH_G.TXT
writing,(VBZ is),is,CLOBTH_G.TXT
talking,(VBZ is),is,CLOBTH_G.TXT
talking,(VBD were),were,CLOBTH_G.TXT
going,(VBP are),are,CLOBTH_G.TXT
assembling,(VBZ is),is,CLOBTH_G.TXT
singing,(VBD were),were,CLOBTH_G.TXT
singing,(VBP am),am,CLOBTH_G.TXT
going,(VBD were),were,CLOBTH_G.TXT
trying,(VBN been),been,CLOBTH_G.TXT
attending,(VBD were),were,CLOBTH_G.TXT
enjoying,(VBP are),are,CLOBTH_G.TXT
being,(VBP are),are,CLOBTH_G.TXT
functioning,(VBN been),been,CLOBTH_G.TXT
functioning,(VBZ has),has,CLOBTH_G.TXT
completing,(VBZ is),is,CLOBTH_G.TXT
planning,(VBZ is),is,CLOBTH_G.TXT
living,(VBP are),are,CLOBTH_G.TXT
being,(VBZ is),is,CLOBTH_G.TXT
changing,(VBP are),are,CLOBTH_G.TXT
creating,(VBP are),are,CLOBTH_G.TXT
searching,(VBP are),are,CLOBTH_G.TXT
coming,(VBP are),are,CLOBTH_G.TXT
clambering,(VBD were),were,CLOBTH_G.TXT
growing,(VBN been),been,CLOBTH_G.TXT
growing,(VBZ has),has,CLOBTH_G.TXT
trying,(VBZ is),is,CLOBTH_G.TXT
being,(VBP are),are,CLOBTH_G.TXT
striving,(VBZ is),is,CLOBTH_G.TXT
being,(VBZ is),is,CLOBTH_G.TXT
dwindling,(VBN been),been,CLOBTH_G.TXT
dwindling,(VBZ has),has,CLOBTH_G.TXT
inserting,(VBP am),am,CLOBTH_G.TXT
acting,(VBN been),been,CLOBTH_G.TXT
delivering,(VBN been),been,CLOBTH_G.TXT
sweating,(VBN been),been,CLOBTH_G.TXT
living,(VBN been),been,CLOBTH_G.TXT
hovering,(VBN been),been,CLOBTH_G.TXT
coming,(VBD were),were,CLOBTH_G.TXT
moving,(VBD were),were,CLOBTH_G.TXT
attempting,(VBP are),are,CLOBTH_G.TXT
fighting,(VBD were),were,CLOBTH_G.TXT
infiltrating,(VBD were),were,CLOBTH_G.TXT
obtaining,(VBD were),were,CLOBTH_G.TXT
leading,(VBD were),were,CLOBTH_G.TXT
devoting,(VBN been),been,CLOBTH_G.TXT
being,(VBZ is),is,CLOBTH_G.TXT
going,(VBP are),are,CLOBTH_G.TXT
going,(VBZ is),is,CLOBTH_G.TXT
trying,(VBP am),am,CLOBTH_G.TXT
being,(VBZ is),is,CLOBTH_G.TXT
growing,(VBP are),are,CLOBTH_G.TXT
giving,(VBZ is),is,CLOBTH_G.TXT
taking,(VBZ is),is,CLOBTH_G.TXT
getting,(VBP are),are,CLOBTH_G.TXT
being,(VBZ is),is,CLOBTH_G.TXT
burning,(VBP are),are,CLOBTH_G.TXT
moving,(VBP are),are,CLOBTH_G.TXT
dropping,(VBZ is),is,CLOBTH_G.TXT
being,(VBP are),are,CLOBTH_G.TXT
breeding,(VBD were),were,CLOBTH_G.TXT
doing,(VBZ is),is,CLOBTH_G.TXT
writing,(VBP am),am,CLOBTH_G.TXT
writing,(VBP am),am,CLOBTH_G.TXT
being,(VBD were),were,CLOBTH_G.TXT
waiting,(VBZ is),is,CLOBTH_G.TXT
describing,(VBZ is),is,CLOBTH_G.TXT
using,(VBP am),am,CLOBTH_G.TXT
demanding,(VBZ is),is,CLOBTH_G.TXT
presenting,(VBD were),were,CLOBTH_G.TXT
happening,(VBZ is),is,CLOBTH_G.TXT
being,(VBP are),are,CLOBTH_G.TXT
getting,(VBP are),are,CLOBTH_G.TXT
being,(VBZ is),is,CLOBTH_G.TXT
conducting,(VBN been),been,CLOBTH_G.TXT
facing,(VBZ is),is,CLOBTH_G.TXT
being,(VBZ is),is,CLOBTH_G.TXT
coming,(VBP are),are,CLOBTH_G.TXT
being,(VBZ is),is,CLOBTH_G.TXT
being,(VBZ is),is,CLOBTH_G.TXT
fighting,(VBP are),are,CLOBTH_G.TXT
living,(VBP are),are,CLOBTH_G.TXT
living,(VBP are),are,CLOBTH_G.TXT
imbibing,(VBP are),are,CLOBTH_G.TXT
doing,(VBP are),are,CLOBTH_G.TXT
being,(VBD were),were,CLOBTH_G.TXT
considering,(VBD were),were,CLOBTH_G.TXT
being,(VBD were),were,CLOBTH_G.TXT
fading,(VBP are),are,CLOBTH_G.TXT
going,(VBN been),been,CLOBTH_G.TXT
going,(VBZ has),has,CLOBTH_G.TXT
operating,(VBN been),been,CLOBTH_G.TXT
operating,(VBZ has),has,CLOBTH_G.TXT
disappearing,(VBZ is),is,CLOBTH_G.TXT
beginning,(VBP are),are,CLOBTH_G.TXT
reading,(VBZ is),is,CLOBTH_G.TXT
asking,(VBP are),are,CLOBTH_G.TXT
paying,(VBZ is),is,CLOBTH_G.TXT
failing,(VBZ is),is,CLOBTH_G.TXT
going,(VBZ is),is,CLOBTH_G.TXT
working,(VBP are),are,CLOBTH_G.TXT
coming,(VBN been),been,CLOBTH_G.TXT
coming,(VBZ has),has,CLOBTH_G.TXT
going,(VBZ is),is,CLOBTH_G.TXT
going,(VBZ is),is,CLOBTH_G.TXT
going,(VBZ is),is,CLOBTH_G.TXT
behaving,(VBP are),are,CLOBTH_G.TXT
being,(VBZ is),is,CLOBTH_G.TXT
offering,(VBZ is),is,CLOBTH_G.TXT
looking,(VBD were),were,CLOBTH_G.TXT
failing,(VBP are),are,CLOBTH_G.TXT
being,(VBP are),are,CLOBTH_G.TXT
being,(VBZ is),is,CLOBTH_G.TXT
going,(VBZ is),is,CLOBTH_G.TXT
growing,(VBP are),are,CLOBTH_G.TXT
being,(VBP are),are,CLOBTH_G.TXT
giving,(VBN been),been,CLOBTH_G.TXT
riding,(VBN been),been,CLOBTH_G.TXT
carrying,(VBP are),are,CLOBTH_G.TXT
improving,(VBP are),are,CLOBTH_G.TXT
being,(VBZ is),is,CLOBTH_G.TXT
going,(VBZ is),is,CLOBTH_G.TXT
working,(VBP are),are,CLOBTH_G.TXT
speaking,(VBN been),been,CLOBTH_G.TXT
attempting,(VBZ is),is,CLOBTH_G.TXT
learning,(VBP are),are,CLOBTH_G.TXT
being,(VBD were),were,CLOBTH_H.TXT
making,(VBZ is),is,CLOBTH_H.TXT
being,(VBP are),are,CLOBTH_H.TXT
being,(VBP are),are,CLOBTH_H.TXT
following,(VBN been),been,CLOBTH_H.TXT
speaking,(VBZ has),has,CLOBTH_H.TXT
using,(VBN been),been,CLOBTH_H.TXT
discarding,(VBP are),are,CLOBTH_H.TXT
making,(VBP are),are,CLOBTH_H.TXT
being,(VBP are),are,CLOBTH_H.TXT
being,(VBP are),are,CLOBTH_H.TXT
being,(VBP are),are,CLOBTH_H.TXT
taking,(VBP are),are,CLOBTH_H.TXT
producing,(VBP are),are,CLOBTH_H.TXT
being,(VBP are),are,CLOBTH_H.TXT
being,(VBP are),are,CLOBTH_H.TXT
growing,(VBZ is),is,CLOBTH_H.TXT
being,(VBZ is),is,CLOBTH_H.TXT
going,(VBZ is),is,CLOBTH_H.TXT
providing,(VBZ is),is,CLOBTH_H.TXT
working,(VBP are),are,CLOBTH_H.TXT
being,(VBP are),are,CLOBTH_H.TXT
resulting,(VBN been),been,CLOBTH_H.TXT
being,(VBZ is),is,CLOBTH_H.TXT
getting,(VBD were),were,CLOBTH_H.TXT
carrying,(VBP are),are,CLOBTH_H.TXT
keeping,(VBZ is),is,CLOBTH_H.TXT
being,(VBZ is),is,CLOBTH_H.TXT
pursuing,(VBD were),were,CLOBTH_H.TXT
gaining,(VBN been),been,CLOBTH_H.TXT
gaining,(VBZ has),has,CLOBTH_H.TXT
applying,(VBZ is),is,CLOBTH_H.TXT
serving,(VBZ is),is,CLOBTH_H.TXT
living,(VBP are),are,CLOBTH_H.TXT
keeping,(VBP are),are,CLOBTH_H.TXT
noting,(VBZ is),is,CLOBTH_H.TXT
hoping,(VBD were),were,CLOBTH_H.TXT
developing,(VBZ is),is,CLOBTH_H.TXT
paying,(VBN been),been,CLOBTH_H.TXT
paying,(VBZ has),has,CLOBTH_H.TXT
trying,(VBZ is),is,CLOBTH_H.TXT
paying,(VBN been),been,CLOBTH_H.TXT
increasing,(VBN been),been,CLOBTH_H.TXT
having,(VBD were),were,CLOBTH_H.TXT
happening,(VBN been),been,CLOBTH_H.TXT
happening,(VBZ has),has,CLOBTH_H.TXT
happening,(VBN been),been,CLOBTH_H.TXT
happening,(VBZ has),has,CLOBTH_H.TXT
being,(VBD were),were,CLOBTH_H.TXT
intending,(VBD were),were,CLOBTH_H.TXT
seeking,(VBP are),are,CLOBTH_H.TXT
talking,(VBP are),are,CLOBTH_H.TXT
asking,(VBP are),are,CLOBTH_H.TXT
asking,(VBZ is),is,CLOBTH_H.TXT
dealing,(VBP are),are,CLOBTH_H.TXT
discussing,(VBP are),are,CLOBTH_H.TXT
being,(VBZ is),is,CLOBTH_H.TXT
speaking,(VBP are),are,CLOBTH_H.TXT
taking,(VBP are),are,CLOBTH_H.TXT
being,(VBP are),are,CLOBTH_H.TXT
dealing,(VBP am),am,CLOBTH_H.TXT
arguing,(VBP are),are,CLOBTH_H.TXT
living,(VBZ is),is,CLOBTH_H.TXT
proposing,(VBZ is),is,CLOBTH_H.TXT
being,(VBP are),are,CLOBTH_H.TXT
being,(VBZ is),is,CLOBTH_H.TXT
thinking,(VBP am),am,CLOBTH_H.TXT
thinking,(VBD were),were,CLOBTH_H.TXT
talking,(VBD were),were,CLOBTH_H.TXT
planning,(VBD were),were,CLOBTH_H.TXT
going,(VBP am),am,CLOBTH_H.TXT
getting,(VBP are),are,CLOBTH_H.TXT
recalling,(VBP am),am,CLOBTH_H.TXT
dealing,(VBD were),were,CLOBTH_H.TXT
construing,(VBD were),were,CLOBTH_H.TXT
negotiating,(VBD were),were,CLOBTH_H.TXT
trying,(VBN been),been,CLOBTH_H.TXT
doing,(VBZ is),is,CLOBTH_H.TXT
working,(VBP are),are,CLOBTH_H.TXT
being,(VBZ is),is,CLOBTH_H.TXT
moving,(VBP are),are,CLOBTH_H.TXT
seeking,(VBP are),are,CLOBTH_H.TXT
making,(VBP are),are,CLOBTH_H.TXT
compelling,(VBZ is),is,CLOBTH_H.TXT
offering,(VBN been),been,CLOBTH_H.TXT
proving,(VBP are),are,CLOBTH_H.TXT
providing,(VBP are),are,CLOBTH_H.TXT
declining,(VBZ is),is,CLOBTH_H.TXT
proceeding,(VBZ is),is,CLOBTH_H.TXT
being,(VBP are),are,CLOBTH_H.TXT
trying,(VBZ is),is,CLOBTH_H.TXT
being,(VBZ is),is,CLOBTH_H.TXT
blowing,(VBN been),been,CLOBTH_H.TXT
blowing,(VBZ has),has,CLOBTH_H.TXT
doing,(VBP are),are,CLOBTH_H.TXT
doing,(VBP are),are,CLOBTH_H.TXT
living,(VBN been),been,CLOBTH_H.TXT
living,(VBZ has),has,CLOBTH_H.TXT
proving,(VBZ is),is,CLOBTH_H.TXT
causing,(VBD were),were,CLOBTH_H.TXT
breaking,(VBD were),were,CLOBTH_H.TXT
going,(VBZ is),is,CLOBTH_H.TXT
carrying,(VBP are),are,CLOBTH_H.TXT
trading,(VBD were),were,CLOBTH_H.TXT
taking,(VBP are),are,CLOBTH_H.TXT
being,(VBP are),are,CLOBTH_H.TXT
going,(VBZ is),is,CLOBTH_H.TXT
offering,(VBP are),are,CLOBTH_H.TXT
wearing,(VBP are),are,CLOBTH_H.TXT
wearing,(VBP are),are,CLOBTH_H.TXT
living,(VBP are),are,CLOBTH_H.TXT
playing,(VBP are),are,CLOBTH_H.TXT
writing,(VBD were),were,CLOBTH_J.TXT
dealing,(VBP are),are,CLOBTH_J.TXT
sinking,(VBZ is),is,CLOBTH_J.TXT
beginning,(VBZ is),is,CLOBTH_J.TXT
chatting,(VBD were),were,CLOBTH_J.TXT
being,(VBP am),am,CLOBTH_J.TXT
invoking,(VBN been),been,CLOBTH_J.TXT
increasing,(VBZ is),is,CLOBTH_J.TXT
staying,(VBN been),been,CLOBTH_J.TXT
examining,(VBP are),are,CLOBTH_J.TXT
confirming,(VBP are),are,CLOBTH_J.TXT
using,(VBD were),were,CLOBTH_J.TXT
considering,(VBZ is),is,CLOBTH_J.TXT
having,(VBZ includes),includes,CLOBTH_J.TXT
containing,(VBP are),are,CLOBTH_J.TXT
becoming,(VBP are),are,CLOBTH_J.TXT
affecting,(VBP are),are,CLOBTH_J.TXT
being,(VBP are),are,CLOBTH_J.TXT
listening,(VBZ is),is,CLOBTH_J.TXT
showing,(VBP are),are,CLOBTH_J.TXT
failing,(VBP are),are,CLOBTH_J.TXT
expanding,(VBZ is),is,CLOBTH_J.TXT
finding,(VBZ is),is,CLOBTH_J.TXT
being,(VBZ is),is,CLOBTH_J.TXT
being,(VBP are),are,CLOBTH_J.TXT
living,(VBP are),are,CLOBTH_J.TXT
submitting,(VBN been),been,CLOBTH_J.TXT
submitting,(VBZ has),has,CLOBTH_J.TXT
teaching,(VBZ is),is,CLOBTH_J.TXT
farming,(VBP are),are,CLOBTH_J.TXT
transforming,(VBZ is),is,CLOBTH_J.TXT
recovering,(VBZ is),is,CLOBTH_J.TXT
using,(VBZ is),is,CLOBTH_J.TXT
helping,(VBZ is),is,CLOBTH_J.TXT
doing,(VBZ is),is,CLOBTH_J.TXT
being,(VBZ is),is,CLOBTH_J.TXT
being,(VBP are),are,CLOBTH_J.TXT
appealing,(VBZ is),is,CLOBTH_J.TXT
buying,(VBP are),are,CLOBTH_J.TXT
seeking,(VBZ has),has,CLOBTH_J.TXT
going,(VBZ is),is,CLOBTH_J.TXT
building,(VBP are),are,CLOBTH_J.TXT
increasing,(VBN been),been,CLOBTH_J.TXT
increasing,(VBZ has),has,CLOBTH_J.TXT
putting,(VBN been),been,CLOBTH_J.TXT
going,(VBZ is),is,CLOBTH_J.TXT
voting,(VBD were),were,CLOBTH_J.TXT
working,(VBP are),are,CLOBTH_J.TXT
considering,(VBP are),are,CLOBTH_J.TXT
pushing,(VBN been),been,CLOBTH_J.TXT
getting,(VBP are),are,CLOBTH_J.TXT
getting,(VBP are),are,CLOBTH_J.TXT
being,(VBZ is),is,CLOBTH_J.TXT
being,(VBD were),were,CLOBTH_J.TXT
going,(VBZ is),is,CLOBTH_J.TXT
expanding,(VBP are),are,CLOBTH_J.TXT
contracting,(VBP are),are,CLOBTH_J.TXT
going,(VBZ is),is,CLOBTH_J.TXT
making,(VBP are),are,CLOBTH_J.TXT
leading,(VBZ is),is,CLOBTH_J.TXT
being,(VBD were),were,CLOBTH_J.TXT
being,(VBP are),are,CLOBTH_J.TXT
adding,(VBP are),are,CLOBTH_J.TXT
rising,(VBZ is),is,CLOBTH_J.TXT
becoming,(VBZ is),is,CLOBTH_J.TXT
leaving,(VBP are),are,CLOBTH_J.TXT
building,(VBP are),are,CLOBTH_J.TXT
living,(VBP are),are,CLOBTH_J.TXT
moving,(VBZ is),is,CLOBTH_J.TXT
going,(VBZ is),is,CLOBTH_J.TXT
developing,(VBP am),am,CLOBTH_J.TXT
emerging,(VBZ is),is,CLOBTH_J.TXT
fasting,(VBP am),am,CLOBTH_J.TXT
stealing,(VBZ is),is,CLOBTH_J.TXT
producing,(VBD were),were,CLOBTH_J.TXT
speculating,(VBN been),been,CLOBTH_J.TXT
doing,(VBD were),were,CLOBTH_J.TXT
being,(VBD were),were,CLOBTH_J.TXT
advising,(VBD were),were,CLOBTH_J.TXT
suffering,(VBD were),were,CLOBTH_J.TXT
discovering,(VBZ is),is,CLOBTH_J.TXT
coming,(VBD were),were,CLOBTH_J.TXT
trying,(VBP are),are,CLOBTH_J.TXT
setting,(VBP are),are,CLOBTH_J.TXT
being,(VBZ is),is,CLOBTH_J.TXT
going,(VBZ is),is,CLOBTH_J.TXT
going,(VBZ is),is,CLOBTH_J.TXT
lying,(VBD were),were,CLOBTH_J.TXT
lying,(VBD were),were,CLOBTH_J.TXT
presenting,(VBZ is),is,CLOBTH_J.TXT
being,(VBZ is),is,CLOBTH_J.TXT
reflecting,(VBZ is),is,CLOBTH_J.TXT
receiving,(VBP am),am,CLOBTH_J.TXT
becoming,(VBZ is),is,CLOBTH_J.TXT
using,(VBD were),were,CLOBTH_J.TXT
showing,(VBZ is),is,CLOBTH_J.TXT
enjoying,(VBD were),were,CLOBTH_J.TXT
making,(VBZ is),is,CLOBTH_J.TXT
tracking,(VBD were),were,CLOBTH_J.TXT
being,(VBZ is),is,CLOBTH_J.TXT
being,(VBZ is),is,CLOBTH_J.TXT
beginning,(VBP are),are,CLOBTH_J.TXT
coming,(VBP are),are,CLOBTH_J.TXT
beginning,(VBP are),are,CLOBTH_J.TXT
being,(VBP are),are,CLOBTH_J.TXT
coming,(VBP are),are,CLOBTH_J.TXT
being,(VBZ is),is,CLOBTH_J.TXT
using,(VBZ is),is,CLOBTH_J.TXT
thinking,(VBP are),are,CLOBTH_J.TXT
waiting,(VBN been),been,CLOBTH_K.TXT
waiting,(VBZ 's),'s,CLOBTH_K.TXT
sitting,(VBD were),were,CLOBTH_K.TXT
leading,(VBD were),were,CLOBTH_K.TXT
lunching,(VBP are),are,CLOBTH_K.TXT
doing,(VBP 'm),'m,CLOBTH_K.TXT
having,(VBP 're),'re,CLOBTH_K.TXT
seeing,(VBP 'm),'m,CLOBTH_K.TXT
getting,(VBP are),are,CLOBTH_K.TXT
bleeding,(VBZ is),is,CLOBTH_K.TXT
thinking,(VBP 'm),'m,CLOBTH_K.TXT
thinking,(VBP 'm),'m,CLOBTH_K.TXT
working,(VBZ is),is,CLOBTH_K.TXT
going,(VBP 're),'re,CLOBTH_K.TXT
going,(VBZ is),is,CLOBTH_K.TXT
creating,(VBZ is),is,CLOBTH_K.TXT
heading,(VBP 're),'re,CLOBTH_K.TXT
watching,(VBN been),been,CLOBTH_K.TXT
standing,(VBN been),been,CLOBTH_K.TXT
watching,(VBZ is),is,CLOBTH_K.TXT
looking,(VBP are),are,CLOBTH_K.TXT
going,(VBP are),are,CLOBTH_K.TXT
staying,(VBP are),are,CLOBTH_K.TXT
watching,(VBN been),been,CLOBTH_K.TXT
longing,(VBP 'm),'m,CLOBTH_K.TXT
waving,(VBD were),were,CLOBTH_K.TXT
wandering,(VBD were),were,CLOBTH_K.TXT
conducting,(VBN been),been,CLOBTH_K.TXT
going,(VBZ is),is,CLOBTH_K.TXT
gathering,(VBN been),been,CLOBTH_K.TXT
standing,(VBN been),been,CLOBTH_K.TXT
suggesting,(VBP 're),'re,CLOBTH_K.TXT
feeling,(VBN been),been,CLOBTH_K.TXT
building,(VBN been),been,CLOBTH_K.TXT
dipping,(VBP 're),'re,CLOBTH_K.TXT
slipping,(VBD caressed),caressed,CLOBTH_K.TXT
beginning,(VBP 're),'re,CLOBTH_K.TXT
marrying,(VBP 'm),'m,CLOBTH_K.TXT
waiting,(VBD were),were,CLOBTH_K.TXT
addressing,(VBN been),been,CLOBTH_K.TXT
doing,(VBP are),are,CLOBTH_K.TXT
doing,(VBP 'm),'m,CLOBTH_K.TXT
banging,(VBD were),were,CLOBTH_K.TXT
meeting,(VBN been),been,CLOBTH_K.TXT
collecting,(VBD were),were,CLOBTH_K.TXT
awaiting,(VBD were),were,CLOBTH_K.TXT
doing,(VBN been),been,CLOBTH_K.TXT
working,(VBN been),been,CLOBTH_K.TXT
betraying,(VBP 'm),'m,CLOBTH_K.TXT
staring,(VBD were),were,CLOBTH_K.TXT
going,(VBP 'm),'m,CLOBTH_K.TXT
working,(VBP 'm),'m,CLOBTH_K.TXT
calling,(VBP 're),'re,CLOBTH_K.TXT
happening,(VBZ 's),'s,CLOBTH_K.TXT
living,(VBZ 's),'s,CLOBTH_K.TXT
coming,(VBZ 's),'s,CLOBTH_K.TXT
going,(VBZ 's),'s,CLOBTH_K.TXT
resting,(VBD were),were,CLOBTH_K.TXT
standing,(VBD were),were,CLOBTH_K.TXT
watching,(VBD were),were,CLOBTH_K.TXT
wearing,(VBZ 's),'s,CLOBTH_K.TXT
doing,(VBZ 's),'s,CLOBTH_K.TXT
talking,(VBP 're),'re,CLOBTH_K.TXT
blaming,(VBP 're),'re,CLOBTH_K.TXT
trying,(VBZ 's),'s,CLOBTH_K.TXT
standing,(VBZ 's),'s,CLOBTH_K.TXT
trying,(VBZ 's),'s,CLOBTH_K.TXT
going,(VBP 'm),'m,CLOBTH_K.TXT
playing,(VBZ 's),'s,CLOBTH_K.TXT
staring,(VBD were),were,CLOBTH_K.TXT
standing,(VBD were),were,CLOBTH_K.TXT
burning,(VBP are),are,CLOBTH_K.TXT
walking,(VBZ is),is,CLOBTH_K.TXT
talking,(VBZ is),is,CLOBTH_K.TXT
wearing,(VBZ is),is,CLOBTH_K.TXT
getting,(VBZ is),is,CLOBTH_K.TXT
crashing,(VBP are),are,CLOBTH_K.TXT
waiting,(VBP are),are,CLOBTH_K.TXT
walking,(VBD were),were,CLOBTH_K.TXT
staring,(VBD were),were,CLOBTH_K.TXT
urging,(VBP am),am,CLOBTH_K.TXT
trying,(VBZ is),is,CLOBTH_K.TXT
being,(VBD were),were,CLOBTH_K.TXT
going,(VBD were),were,CLOBTH_K.TXT
making,(VBD were),were,CLOBTH_K.TXT
hanging,(VBD were),were,CLOBTH_K.TXT
playing,(VBN been),been,CLOBTH_K.TXT
getting,(VBN been),been,CLOBTH_K.TXT
raising,(VBN been),been,CLOBTH_K.TXT
introducing,(VBP am),am,CLOBTH_K.TXT
beginning,(VBP am),am,CLOBTH_K.TXT
giving,(VBN been),been,CLOBTH_K.TXT
thinking,(VBP are),are,CLOBTH_K.TXT
struggling,(VBD were),were,CLOBTH_K.TXT
preparing,(VBD were),were,CLOBTH_K.TXT
fighting,(VBD were),were,CLOBTH_K.TXT
fixing,(VBP are),are,CLOBTH_K.TXT
growing,(VBD were),were,CLOBTH_K.TXT
sitting,(VBD were),were,CLOBTH_K.TXT
settling,(VBP 're),'re,CLOBTH_K.TXT
lying,(VBZ 's),'s,CLOBTH_K.TXT
intruding,(VBD were),were,CLOBTH_K.TXT
crying,(VBP 'm),'m,CLOBTH_K.TXT
thinking,(VBZ is),is,CLOBTH_K.TXT
doing,(VBD were),were,CLOBTH_K.TXT
taking,(VBP 'm),'m,CLOBTH_K.TXT
boarding,(VBP 'm),'m,CLOBTH_K.TXT
waiting,(VBN been),been,CLOBTH_K.TXT
sneering,(VBZ was),was,CLOBTH_K.TXT
making,(VBD were),were,CLOBTH_K.TXT
finding,(VBZ is),is,CLOBTH_K.TXT
taking,(VBP 'm),'m,CLOBTH_K.TXT
going,(VBP 'm),'m,CLOBTH_K.TXT
meeting,(VBP are),are,CLOBTH_K.TXT
going,(VBP are),are,CLOBTH_K.TXT
arguing,(VBD were),were,CLOBTH_K.TXT
coming,(VBD were),were,CLOBTH_K.TXT
thickening,(VBD were),were,CLOBTH_K.TXT
taking,(VBP am),am,CLOBTH_K.TXT
making,(VBP are),are,CLOBTH_K.TXT
going,(VBP am),am,CLOBTH_K.TXT
making,(VBP are),are,CLOBTH_K.TXT
doing,(VBN been),been,CLOBTH_K.TXT
courting,(VBN been),been,CLOBTH_K.TXT
biting,(VBD were),were,CLOBTH_K.TXT
visiting,(VBN been),been,CLOBTH_K.TXT
visiting,(VBD were),were,CLOBTH_K.TXT
worrying,(VBD were),were,CLOBTH_K.TXT
panicking,(VBD were),were,CLOBTH_K.TXT
being,(VBD were),were,CLOBTH_K.TXT
staying,(VBN been),been,CLOBTH_K.TXT
listening,(VBN been),been,CLOBTH_K.TXT
dancing,(VBN been),been,CLOBTH_K.TXT
meeting,(VBN been),been,CLOBTH_K.TXT
going,(VBP 'm),'m,CLOBTH_K.TXT
doing,(VBD were),were,CLOBTH_K.TXT
going,(VBZ is),is,CLOBTH_K.TXT
being,(VBD were),were,CLOBTH_K.TXT
going,(VBZ 's),'s,CLOBTH_K.TXT
trying,(VBD were),were,CLOBTH_K.TXT
going,(VBP 'm),'m,CLOBTH_K.TXT
walking,(VBN been),been,CLOBTH_K.TXT
talking,(VBD were),were,CLOBTH_K.TXT
sitting,(VBD were),were,CLOBTH_K.TXT
putting,(VBN been),been,CLOBTH_K.TXT
panicking,(VBN been),been,CLOBTH_K.TXT
backing,(VBD were),were,CLOBTH_K.TXT
thinking,(VBN been),been,CLOBTH_K.TXT
drinking,(VBN been),been,CLOBTH_K.TXT
putting,(VBP 'm),'m,CLOBTH_K.TXT
squeezing,(VBD were),were,CLOBTH_K.TXT
sidling,(VBD were),were,CLOBTH_K.TXT
having,(VBD were),were,CLOBTH_K.TXT
looking,(VBD were),were,CLOBTH_K.TXT
drinking,(VBP 'm),'m,CLOBTH_K.TXT
looking,(VBP 're),'re,CLOBTH_K.TXT
staying,(VBZ 's),'s,CLOBTH_K.TXT
getting,(VBP 're),'re,CLOBTH_K.TXT
picking,(VBZ 's),'s,CLOBTH_L.TXT
driving,(VBZ 's),'s,CLOBTH_L.TXT
going,(VBP 'm),'m,CLOBTH_L.TXT
going,(VBP 'm),'m,CLOBTH_L.TXT
going,(VBP 'm),'m,CLOBTH_L.TXT
getting,(VBZ 's),'s,CLOBTH_L.TXT
doing,(VBD were),were,CLOBTH_L.TXT
reaping,(VBD swung),swung,CLOBTH_L.TXT
following,(VBD swung),swung,CLOBTH_L.TXT
going,(VBP 'm),'m,CLOBTH_L.TXT
going,(VBP 'm),'m,CLOBTH_L.TXT
going,(VBP are),are,CLOBTH_L.TXT
howling,(VBN been),been,CLOBTH_L.TXT
howling,(VBZ 's),'s,CLOBTH_L.TXT
going,(VBZ was),was,CLOBTH_L.TXT
looking,(VBD stood),stood,CLOBTH_L.TXT
warning,(VBP 'm),'m,CLOBTH_L.TXT
beginning,(VBP 'm),'m,CLOBTH_L.TXT
collecting,(VBN been),been,CLOBTH_L.TXT
piecing,(VBN been),been,CLOBTH_L.TXT
lying,(VBN been),been,CLOBTH_L.TXT
lying,(VBZ has),has,CLOBTH_L.TXT
staying,(VBP 're),'re,CLOBTH_L.TXT
basking,(VBN been),been,CLOBTH_L.TXT
resting,(VBD were),were,CLOBTH_L.TXT
waiting,(VBP 'm),'m,CLOBTH_L.TXT
trying,(VBP 'm),'m,CLOBTH_L.TXT
doing,(VBP 're),'re,CLOBTH_L.TXT
riding,(VBN been),been,CLOBTH_L.TXT
going,(VBP 'm),'m,CLOBTH_L.TXT
flowing,(VBN been),been,CLOBTH_L.TXT
screaming,(VBN been),been,CLOBTH_L.TXT
padding,(VBD slid),slid,CLOBTH_L.TXT
going,(VBZ was),was,CLOBTH_L.TXT
coming,(VBP 're),'re,CLOBTH_L.TXT
going,(VBP 'm),'m,CLOBTH_L.TXT
going,(VBP 'm),'m,CLOBTH_L.TXT
going,(VBP 're),'re,CLOBTH_L.TXT
going,(VBP 'm),'m,CLOBTH_L.TXT
paying,(VBN been),been,CLOBTH_L.TXT
growing,(VBP are),are,CLOBTH_L.TXT
coming,(VBP 'm),'m,CLOBTH_L.TXT
expecting,(VBP 'm),'m,CLOBTH_L.TXT
going,(VBP 'm),'m,CLOBTH_L.TXT
runnin',(VBZ 's),'s,CLOBTH_L.TXT
going,(VBP 're),'re,CLOBTH_L.TXT
going,(VBP 'm),'m,CLOBTH_L.TXT
walking,(VBD were),were,CLOBTH_L.TXT
going,(VBP 're),'re,CLOBTH_L.TXT
telling,(VBD were),were,CLOBTH_L.TXT
sitting,(VBD were),were,CLOBTH_L.TXT
hoping,(VBN been),been,CLOBTH_L.TXT
forming,(VBN been),been,CLOBTH_L.TXT
talking,(VBD were),were,CLOBTH_L.TXT
forgetting,(VBP 're),'re,CLOBTH_L.TXT
pouring,(VBZ 's),'s,CLOBTH_L.TXT
looking,(VBN been),been,CLOBTH_L.TXT
thinking,(VBP 're),'re,CLOBTH_L.TXT
going,(VBP 'm),'m,CLOBTH_L.TXT
talking,(VBD were),were,CLOBTH_L.TXT
trying,(VBP 're),'re,CLOBTH_L.TXT
waiting,(VBN been),been,CLOBTH_L.TXT
carrying,(VBN been),been,CLOBTH_L.TXT
lying,(VBN been),been,CLOBTH_L.TXT
planning,(VBN been),been,CLOBTH_L.TXT
walking,(VBZ is),is,CLOBTH_L.TXT
seeking,(VBZ is),is,CLOBTH_L.TXT
going,(VBZ is),is,CLOBTH_L.TXT
glancing,(VBN been),been,CLOBTH_L.TXT
looking,(VBZ was),was,CLOBTH_L.TXT
going,(VBP am),am,CLOBTH_L.TXT
talking,(VBN been),been,CLOBTH_L.TXT
clinging,(VBD were),were,CLOBTH_L.TXT
counting,(VBD were),were,CLOBTH_L.TXT
staring,(VBD were),were,CLOBTH_L.TXT
waiting,(VBN been),been,CLOBTH_L.TXT
watching,(VBN been),been,CLOBTH_L.TXT
keeping,(VBZ 's),'s,CLOBTH_L.TXT
sitting,(VBD were),were,CLOBTH_L.TXT
watching,(VBN been),been,CLOBTH_L.TXT
watching,(VBP are),are,CLOBTH_L.TXT
leaning,(VBD stepped),stepped,CLOBTH_L.TXT
undergoing,(VBD were),were,CLOBTH_L.TXT
going,(VBP 'm),'m,CLOBTH_L.TXT
staying,(VBP 'm),'m,CLOBTH_L.TXT
asking,(VBZ 's),'s,CLOBTH_L.TXT
going,(VBP 'm),'m,CLOBTH_L.TXT
sitting,(VBN been),been,CLOBTH_L.TXT
taking,(VBP 'm),'m,CLOBTH_L.TXT
waiting,(VBD were),were,CLOBTH_L.TXT
packing,(VBZ was),was,CLOBTH_L.TXT
being,(VBD were),were,CLOBTH_L.TXT
going,(VBD were),were,CLOBTH_L.TXT
going,(VBZ 's),'s,CLOBTH_L.TXT
going,(VBP are),are,CLOBTH_L.TXT
sitting,(VBZ was),was,CLOBTH_L.TXT
looking,(VBN been),been,CLOBTH_L.TXT
talking,(VBN been),been,CLOBTH_L.TXT
shining,(VBD were),were,CLOBTH_L.TXT
examining,(VBN been),been,CLOBTH_L.TXT
looking,(VBD were),were,CLOBTH_L.TXT
trying,(VBD were),were,CLOBTH_L.TXT
fooling,(VBD were),were,CLOBTH_L.TXT
saying,(VBP 're),'re,CLOBTH_L.TXT
carrying,(VBZ is),is,CLOBTH_L.TXT
biting,(VBD were),were,CLOBTH_L.TXT
going,(VBD were),were,CLOBTH_L.TXT
making,(VBP 're),'re,CLOBTH_L.TXT
going,(VBZ 's),'s,CLOBTH_L.TXT
doing,(VBN been),been,CLOBTH_L.TXT
going,(VBP 'm),'m,CLOBTH_L.TXT
being,(VBZ is),is,CLOBTH_L.TXT
keeping,(VBZ is),is,CLOBTH_L.TXT
hiding,(VBZ is),is,CLOBTH_L.TXT
getting,(VBP 'm),'m,CLOBTH_L.TXT
hiding,(VBD were),were,CLOBTH_L.TXT
driving,(VBP are),are,CLOBTH_L.TXT
thinking,(VBN been),been,CLOBTH_L.TXT
making,(VBP 're),'re,CLOBTH_L.TXT
trying,(VBZ is),is,CLOBTH_L.TXT
thinking,(VBN been),been,CLOBTH_L.TXT
staying,(VBN been),been,CLOBTH_L.TXT
being,(VBZ is),is,CLOBTH_L.TXT
trying,(VBD were),were,CLOBTH_M.TXT
facing,(VBN been),been,CLOBTH_M.TXT
falling,(VBP are),are,CLOBTH_M.TXT
working,(VBN been),been,CLOBTH_M.TXT
happening,(VBZ 's),'s,CLOBTH_M.TXT
being,(VBP are),are,CLOBTH_M.TXT
resting,(VBZ 's),'s,CLOBTH_M.TXT
playing,(VBZ 's),'s,CLOBTH_M.TXT
coming,(VBZ is),is,CLOBTH_M.TXT
saying,(VBP 'm),'m,CLOBTH_M.TXT
saying,(VBP 'm),'m,CLOBTH_M.TXT
being,(VBD were),were,CLOBTH_M.TXT
putting,(VBD were),were,CLOBTH_M.TXT
strolling,(VBD were),were,CLOBTH_M.TXT
going,(VBZ 's),'s,CLOBTH_M.TXT
going,(VBP are),are,CLOBTH_M.TXT
going,(VBP 'm),'m,CLOBTH_M.TXT
lording,(VBP are),are,CLOBTH_M.TXT
going,(VBP are),are,CLOBTH_M.TXT
going,(VBP are),are,CLOBTH_M.TXT
going,(VBP are),are,CLOBTH_M.TXT
traversing,(VBP are),are,CLOBTH_M.TXT
rising,(VBD were),were,CLOBTH_M.TXT
losing,(VBD were),were,CLOBTH_M.TXT
edging,(VBD were),were,CLOBTH_M.TXT
making,(VBD were),were,CLOBTH_M.TXT
going,(VBZ 's),'s,CLOBTH_M.TXT
going,(VBP 're),'re,CLOBTH_M.TXT
going,(VBZ is),is,CLOBTH_M.TXT
doing,(VBD were),were,CLOBTH_M.TXT
looking,(VBP are),are,CLOBTH_M.TXT
listening,(VBD were),were,CLOBTH_M.TXT
arranging,(VBN been),been,CLOBTH_N.TXT
flying,(VBD were),were,CLOBTH_N.TXT
nearing,(VBD were),were,CLOBTH_N.TXT
being,(VBN dumped),dumped,CLOBTH_N.TXT
waiting,(VBN been),been,CLOBTH_N.TXT
having,(VBD were),were,CLOBTH_N.TXT
returning,(VBZ 's),'s,CLOBTH_N.TXT
going,(VBZ 's),'s,CLOBTH_N.TXT
enjoying,(VBD were),were,CLOBTH_N.TXT
misjudging,(VBP 're),'re,CLOBTH_N.TXT
trying,(VBP 're),'re,CLOBTH_N.TXT
living,(VBN been),been,CLOBTH_N.TXT
gettin',(VBZ is),is,CLOBTH_N.TXT
going,(VBP am),am,CLOBTH_N.TXT
leading,(VBN been),been,CLOBTH_N.TXT
going,(VBZ is),is,CLOBTH_N.TXT
going,(VBP 're),'re,CLOBTH_N.TXT
waiting,(VBP are),are,CLOBTH_N.TXT
going,(VBP 're),'re,CLOBTH_N.TXT
going,(VBZ 's),'s,CLOBTH_N.TXT
saying,(VBN been),been,CLOBTH_N.TXT
saying,(VBZ 's),'s,CLOBTH_N.TXT
going,(VBP 're),'re,CLOBTH_N.TXT
rumbling,(VBD were),were,CLOBTH_N.TXT
watching,(VBN been),been,CLOBTH_N.TXT
lying,(VBP 're),'re,CLOBTH_N.TXT
ascending,(VBD were),were,CLOBTH_N.TXT
staying,(VBP 'm),'m,CLOBTH_N.TXT
getting,(VBN been),been,CLOBTH_N.TXT
doing,(VBP 're),'re,CLOBTH_N.TXT
expecting,(VBP 're),'re,CLOBTH_N.TXT
saying,(VBD were),were,CLOBTH_N.TXT
seeing,(VBZ is),is,CLOBTH_N.TXT
waiting,(VBP 'm),'m,CLOBTH_N.TXT
making,(VBP 'm),'m,CLOBTH_N.TXT
talking,(VBP 're),'re,CLOBTH_N.TXT
going,(VBP 'm),'m,CLOBTH_N.TXT
taking,(VBP 're),'re,CLOBTH_N.TXT
joshing,(VBN been),been,CLOBTH_N.TXT
carrying,(VBD came),came,CLOBTH_N.TXT
trying,(VBP are),are,CLOBTH_N.TXT
tellin',(VBP am),am,CLOBTH_N.TXT
jangling,(VBD were),were,CLOBTH_N.TXT
thinking,(VBD were),were,CLOBTH_N.TXT
running,(VBD were),were,CLOBTH_N.TXT
going,(VBZ was),was,CLOBTH_N.TXT
conferring,(VBD were),were,CLOBTH_N.TXT
going,(VBZ is),is,CLOBTH_N.TXT
hitting,(VBN been),been,CLOBTH_N.TXT
going,(VBP 'm),'m,CLOBTH_N.TXT
ringing,(VBN been),been,CLOBTH_N.TXT
expecting,(VBZ 's),'s,CLOBTH_N.TXT
interviewing,(VBN been),been,CLOBTH_N.TXT
finding,(VBP are),are,CLOBTH_N.TXT
blowing,(VBN been),been,CLOBTH_N.TXT
talking,(VBP 're),'re,CLOBTH_N.TXT
going,(VBP 're),'re,CLOBTH_N.TXT
having,(VBP 'm),'m,CLOBTH_N.TXT
looking,(VBD were),were,CLOBTH_N.TXT
drinking,(VBP 'm),'m,CLOBTH_N.TXT
chattering,(VBD were),were,CLOBTH_N.TXT
chattering,(VBD were),were,CLOBTH_N.TXT
sitting,(VBN been),been,CLOBTH_N.TXT
doing,(VBP are),are,CLOBTH_N.TXT
doing,(VBD were),were,CLOBTH_N.TXT
making,(VBN been),been,CLOBTH_N.TXT
making,(VBD were),were,CLOBTH_N.TXT
approaching,(VBD were),were,CLOBTH_N.TXT
watching,(VBD were),were,CLOBTH_N.TXT
doing,(VBP 're),'re,CLOBTH_N.TXT
going,(VBP 're),'re,CLOBTH_N.TXT
going,(VBP 'm),'m,CLOBTH_N.TXT
going,(VBP 'm),'m,CLOBTH_N.TXT
talking,(VBP 're),'re,CLOBTH_N.TXT
going,(VBP 're),'re,CLOBTH_N.TXT
going,(VBP 'm),'m,CLOBTH_N.TXT
slowing,(VBD were),were,CLOBTH_N.TXT
thinking,(VBP are),are,CLOBTH_N.TXT
referring,(VBZ was),was,CLOBTH_N.TXT
nagging,(VBN been),been,CLOBTH_N.TXT
doing,(VBD were),were,CLOBTH_N.TXT
coming,(VBZ 's),'s,CLOBTH_N.TXT
talking,(VBD were),were,CLOBTH_N.TXT
coming,(VBZ 's),'s,CLOBTH_N.TXT
wearing,(VBN been),been,CLOBTH_N.TXT
wearing,(VBP 'm),'m,CLOBTH_N.TXT
working,(VBZ 's),'s,CLOBTH_N.TXT
going,(VBP are),are,CLOBTH_N.TXT
quarrelling,(VBN been),been,CLOBTH_N.TXT
making,(VBZ 's),'s,CLOBTH_N.TXT
putting,(VBZ 's),'s,CLOBTH_N.TXT
doing,(VBP 'm),'m,CLOBTH_N.TXT
sitting,(VBN been),been,CLOBTH_N.TXT
chatting,(VBN been),been,CLOBTH_N.TXT
leaning,(VBD were),were,CLOBTH_N.TXT
coming,(VBP 're),'re,CLOBTH_N.TXT
gettin',(VBZ is),is,CLOBTH_N.TXT
meeting,(VBZ 's),'s,CLOBTH_N.TXT
coming,(VBD were),were,CLOBTH_N.TXT
making,(VBP 're),'re,CLOBTH_N.TXT
gonna,(VBP are),are,CLOBTH_N.TXT
coming,(VBP 're),'re,CLOBTH_N.TXT
taking,(VBP are),are,CLOBTH_N.TXT
going,(VBP are),are,CLOBTH_N.TXT
waiting,(VBZ 's),'s,CLOBTH_N.TXT
waiting,(VBZ 's),'s,CLOBTH_N.TXT
having,(VBD were),were,CLOBTH_N.TXT
bothering,(VBD were),were,CLOBTH_N.TXT
going,(VBP 'm),'m,CLOBTH_N.TXT
closing,(VBP are),are,CLOBTH_N.TXT
concentrating,(VBZ is),is,CLOBTH_N.TXT
blowing,(VBZ is),is,CLOBTH_N.TXT
standing,(VBZ is),is,CLOBTH_N.TXT
blinking,(VBD were),were,CLOBTH_N.TXT
dropping,(VBP 'm),'m,CLOBTH_N.TXT
expecting,(VBZ is),is,CLOBTH_N.TXT
holding,(VBD were),were,CLOBTH_N.TXT
running,(VBD were),were,CLOBTH_N.TXT
going,(VBD were),were,CLOBTH_N.TXT
serving,(VBD were),were,CLOBTH_N.TXT
smiling,(VBD were),were,CLOBTH_N.TXT
moving,(VBD were),were,CLOBTH_N.TXT
remembering,(VBD were),were,CLOBTH_N.TXT
waiting,(VBP are),are,CLOBTH_N.TXT
rolling,(VBD were),were,CLOBTH_N.TXT
screaming,(VBD were),were,CLOBTH_N.TXT
going,(VBD were),were,CLOBTH_N.TXT
screaming,(VBD were),were,CLOBTH_N.TXT
going,(VBP are),are,CLOBTH_N.TXT
going,(VBP 'm),'m,CLOBTH_N.TXT
ringing,(VBP 're),'re,CLOBTH_N.TXT
beginning,(VBD were),were,CLOBTH_N.TXT
going,(VBP are),are,CLOBTH_N.TXT
drinking,(VBD were),were,CLOBTH_N.TXT
chattering,(VBD were),were,CLOBTH_N.TXT
counting,(VBN been),been,CLOBTH_N.TXT
flying,(VBP am),am,CLOBTH_N.TXT
flying,(VBP 'm),'m,CLOBTH_N.TXT
snapping,(VBD were),were,CLOBTH_N.TXT
going,(VBP 'm),'m,CLOBTH_N.TXT
going,(VBP 'm),'m,CLOBTH_N.TXT
going,(VBZ is),is,CLOBTH_N.TXT
coming,(VBP am),am,CLOBTH_N.TXT
shamming,(VBZ 's),'s,CLOBTH_N.TXT
going,(VBP 'm),'m,CLOBTH_N.TXT
firing,(VBZ 's),'s,CLOBTH_N.TXT
shamming,(VBN been),been,CLOBTH_N.TXT
shamming,(VBZ 's),'s,CLOBTH_N.TXT
looking,(VBP are),are,CLOBTH_N.TXT
coming,(VBZ 's),'s,CLOBTH_N.TXT
going,(VBP 'm),'m,CLOBTH_N.TXT
going,(VBP 'm),'m,CLOBTH_N.TXT
going,(VBP 'm),'m,CLOBTH_N.TXT
going,(VBZ 's),'s,CLOBTH_N.TXT
going,(VBP 'm),'m,CLOBTH_N.TXT
going,(VBP are),are,CLOBTH_N.TXT
taking,(VBD were),were,CLOBTH_N.TXT
swimming,(VBP 'm),'m,CLOBTH_N.TXT
gossiping,(VBD were),were,CLOBTH_N.TXT
going,(VBP are),are,CLOBTH_N.TXT
wanting,(VBP 'm),'m,CLOBTH_N.TXT
shivering,(VBD stepped),stepped,CLOBTH_N.TXT
bobbing,(VBD stayed),stayed,CLOBTH_N.TXT
carrying,(VBZ is),is,CLOBTH_N.TXT
drawing,(VBD were),were,CLOBTH_N.TXT
sitting,(VBD were),were,CLOBTH_N.TXT
writing,(VBP am),am,CLOBTH_N.TXT
letting,(VBP 're),'re,CLOBTH_N.TXT
feeling,(VBP am),am,CLOBTH_N.TXT
writing,(VBP am),am,CLOBTH_N.TXT
toiling,(VBD were),were,CLOBTH_N.TXT
ripping,(VBD were),were,CLOBTH_N.TXT
wandering,(VBP 're),'re,CLOBTH_N.TXT
shoaling,(VBD were),were,CLOBTH_N.TXT
stopping,(VBP 're),'re,CLOBTH_N.TXT
stopping,(VBZ is),is,CLOBTH_N.TXT
asking,(VBD were),were,CLOBTH_N.TXT
rejoicing,(VBD were),were,CLOBTH_N.TXT
thinking,(VBP 're),'re,CLOBTH_N.TXT
coming,(VBP are),are,CLOBTH_N.TXT
bouncing,(VBZ 's),'s,CLOBTH_N.TXT
standing,(VBD were),were,CLOBTH_N.TXT
chatting,(VBD were),were,CLOBTH_P.TXT
swinging,(VBN been),been,CLOBTH_P.TXT
concealing,(VBN been),been,CLOBTH_P.TXT
trembling,(VBN been),been,CLOBTH_P.TXT
shaking,(VBN been),been,CLOBTH_P.TXT
burning,(VBN been),been,CLOBTH_P.TXT
going,(VBP are),are,CLOBTH_P.TXT
going,(VBD were),were,CLOBTH_P.TXT
attending,(VBN been),been,CLOBTH_P.TXT
coming,(VBZ is),is,CLOBTH_P.TXT
getting,(VBZ is),is,CLOBTH_P.TXT
talking,(VBD were),were,CLOBTH_P.TXT
going,(VBP are),are,CLOBTH_P.TXT
looking,(VBP 're),'re,CLOBTH_P.TXT
feeling,(VBP 'm),'m,CLOBTH_P.TXT
dining,(VBD were),were,CLOBTH_P.TXT
going,(VBZ is),is,CLOBTH_P.TXT
going,(VBD were),were,CLOBTH_P.TXT
dancing,(VBD were),were,CLOBTH_P.TXT
dancing,(VBD were),were,CLOBTH_P.TXT
eating,(VBN been),been,CLOBTH_P.TXT
beginning,(VBP 're),'re,CLOBTH_P.TXT
wasting,(VBP 're),'re,CLOBTH_P.TXT
talking,(VBD were),were,CLOBTH_P.TXT
having,(VBP are),are,CLOBTH_P.TXT
getting,(VBZ 's),'s,CLOBTH_P.TXT
going,(VBZ is),is,CLOBTH_P.TXT
needing,(VBD were),were,CLOBTH_P.TXT
talking,(VBN been),been,CLOBTH_P.TXT
standing,(VBN been),been,CLOBTH_P.TXT
standing,(VBP 're),'re,CLOBTH_P.TXT
doing,(VBZ 's),'s,CLOBTH_P.TXT
saving,(VBZ 's),'s,CLOBTH_P.TXT
doing,(VBD were),were,CLOBTH_P.TXT
making,(VBP 're),'re,CLOBTH_P.TXT
going,(VBP 'm),'m,CLOBTH_P.TXT
looming,(VBZ is),is,CLOBTH_P.TXT
discussing,(VBP are),are,CLOBTH_P.TXT
going,(VBZ is),is,CLOBTH_P.TXT
going,(VBD were),were,CLOBTH_P.TXT
passing,(VBD were),were,CLOBTH_P.TXT
listening,(VBN been),been,CLOBTH_P.TXT
shining,(VBD were),were,CLOBTH_P.TXT
trying,(VBN been),been,CLOBTH_P.TXT
going,(VBP are),are,CLOBTH_P.TXT
swimming,(VBZ is),is,CLOBTH_P.TXT
going,(VBP are),are,CLOBTH_P.TXT
going,(VBP 're),'re,CLOBTH_P.TXT
bribing,(VBN been),been,CLOBTH_P.TXT
going,(VBP 'm),'m,CLOBTH_P.TXT
going,(VBP 're),'re,CLOBTH_P.TXT
going,(VBZ 's),'s,CLOBTH_P.TXT
lounging,(VBN been),been,CLOBTH_P.TXT
going,(VBP 'm),'m,CLOBTH_P.TXT
longing,(VBP 'm),'m,CLOBTH_P.TXT
offering,(VBP 're),'re,CLOBTH_P.TXT
going,(VBP 're),'re,CLOBTH_P.TXT
going,(VBZ 's),'s,CLOBTH_P.TXT
trying,(VBP are),are,CLOBTH_P.TXT
saying,(VBD were),were,CLOBTH_P.TXT
trying,(VBP are),are,CLOBTH_P.TXT
dancing,(VBN been),been,CLOBTH_P.TXT
eyeing,(VBD were),were,CLOBTH_P.TXT
staying,(VBZ is),is,CLOBTH_P.TXT
chattering,(VBD were),were,CLOBTH_P.TXT
coming,(VBZ 's),'s,CLOBTH_P.TXT
taking,(VBP 're),'re,CLOBTH_P.TXT
looking,(VBP 'm),'m,CLOBTH_P.TXT
lying,(VBD were),were,CLOBTH_P.TXT
looking,(VBP are),are,CLOBTH_P.TXT
going,(VBP are),are,CLOBTH_P.TXT
waiting,(VBN been),been,CLOBTH_P.TXT
looking,(VBN been),been,CLOBTH_P.TXT
looking,(VBN been),been,CLOBTH_P.TXT
taking,(VBZ 's),'s,CLOBTH_P.TXT
talking,(VBD were),were,CLOBTH_P.TXT
warning,(VBP 'm),'m,CLOBTH_P.TXT
getting,(VBP 're),'re,CLOBTH_P.TXT
haggling,(VBD were),were,CLOBTH_P.TXT
going,(VBD were),were,CLOBTH_P.TXT
waiting,(VBN been),been,CLOBTH_P.TXT
waiting,(VBN been),been,CLOBTH_P.TXT
going,(VBP are),are,CLOBTH_P.TXT
doing,(VBZ is),is,CLOBTH_P.TXT
taking,(VBP 'm),'m,CLOBTH_P.TXT
regretting,(VBP are),are,CLOBTH_P.TXT
getting,(VBD were),were,CLOBTH_P.TXT
thinking,(VBZ 's),'s,CLOBTH_P.TXT
getting,(VBP 're),'re,CLOBTH_P.TXT
losing,(VBP 'm),'m,CLOBTH_P.TXT
becoming,(VBZ is),is,CLOBTH_P.TXT
losing,(VBP 're),'re,CLOBTH_P.TXT
suffering,(VBP 're),'re,CLOBTH_P.TXT
looking,(VBZ was),was,CLOBTH_P.TXT
telling,(VBN been),been,CLOBTH_P.TXT
telling,(VBN been),been,CLOBTH_P.TXT
going,(VBP 'm),'m,CLOBTH_P.TXT
going,(VBZ is),is,CLOBTH_P.TXT
flowering,(VBP 're),'re,CLOBTH_P.TXT
growing,(VBZ 's),'s,CLOBTH_P.TXT
doing,(VBP are),are,CLOBTH_P.TXT
going,(VBP are),are,CLOBTH_P.TXT
running,(VBZ is),is,CLOBTH_P.TXT
living,(VBD were),were,CLOBTH_P.TXT
living,(VBD were),were,CLOBTH_P.TXT
going,(VBP are),are,CLOBTH_P.TXT
rushing,(VBD were),were,CLOBTH_P.TXT
turning,(VBD were),were,CLOBTH_P.TXT
going,(VBP 're),'re,CLOBTH_P.TXT
going,(VBP 'm),'m,CLOBTH_P.TXT
going,(VBZ was),was,CLOBTH_P.TXT
going,(VBP 're),'re,CLOBTH_P.TXT
going,(VBP 'm),'m,CLOBTH_P.TXT
going,(VBP 're),'re,CLOBTH_P.TXT
waiting,(VBZ 's),'s,CLOBTH_P.TXT
going,(VBZ 's),'s,CLOBTH_P.TXT
going,(VBD were),were,CLOBTH_P.TXT
growing,(VBD were),were,CLOBTH_P.TXT
growing,(VBZ is),is,CLOBTH_P.TXT
thinking,(VBZ is),is,CLOBTH_P.TXT
carving,(VBP 're),'re,CLOBTH_P.TXT
going,(VBN been),been,CLOBTH_P.TXT
seeing,(VBD were),were,CLOBTH_P.TXT
visiting,(VBD were),were,CLOBTH_P.TXT
wanting,(VBN been),been,CLOBTH_P.TXT
longing,(VBN been),been,CLOBTH_P.TXT
going,(VBP are),are,CLOBTH_P.TXT
doing,(VBP 're),'re,CLOBTH_P.TXT
going,(VBP 're),'re,CLOBTH_P.TXT
walking,(VBD were),were,CLOBTH_P.TXT
helping,(VBN been),been,CLOBTH_P.TXT
helping,(VBZ 's),'s,CLOBTH_P.TXT
forgetting,(VBP 'm),'m,CLOBTH_P.TXT
going,(VBP 're),'re,CLOBTH_P.TXT
comparing,(VBP 're),'re,CLOBTH_P.TXT
speaking,(VBD were),were,CLOBTH_P.TXT
getting,(VBZ 's),'s,CLOBTH_P.TXT
being,(VBP 'm),'m,CLOBTH_P.TXT
behaving,(VBN been),been,CLOBTH_P.TXT
going,(VBP are),are,CLOBTH_P.TXT
going,(VBP 'm),'m,CLOBTH_P.TXT
going,(VBP 'm),'m,CLOBTH_P.TXT
choking,(VBP 'm),'m,CLOBTH_P.TXT
doing,(VBZ 's),'s,CLOBTH_P.TXT
clearing,(VBZ 's),'s,CLOBTH_P.TXT
going,(VBP 're),'re,CLOBTH_P.TXT
trickling,(VBZ was),was,CLOBTH_P.TXT
winning,(VBD were),were,CLOBTH_P.TXT
bringing,(VBZ is),is,CLOBTH_P.TXT
going,(VBZ is),is,CLOBTH_P.TXT
going,(VBP 're),'re,CLOBTH_P.TXT
speaking,(VBD were),were,CLOBTH_P.TXT
sheltering,(VBZ is),is,CLOBTH_P.TXT
wishing,(VBP 'm),'m,CLOBTH_P.TXT
beginning,(VBP 'm),'m,CLOBTH_P.TXT
counting,(VBN been),been,CLOBTH_P.TXT
going,(VBP 'm),'m,CLOBTH_P.TXT
going,(VBP 're),'re,CLOBTH_P.TXT
making,(VBN been),been,CLOBTH_P.TXT
making,(VBZ has),has,CLOBTH_P.TXT
going,(VBP are),are,CLOBTH_P.TXT
frightening,(VBD were),were,CLOBTH_P.TXT
waiting,(VBZ 's),'s,CLOBTH_P.TXT
going,(VBN been),been,CLOBTH_P.TXT
laughing,(VBD were),were,CLOBTH_P.TXT
laughing,(VBD were),were,CLOBTH_P.TXT
visiting,(VBZ 's),'s,CLOBTH_P.TXT
thinking,(VBP 'm),'m,CLOBTH_P.TXT
going,(VBP are),are,CLOBTH_P.TXT
parcelling,(VBP 're),'re,CLOBTH_P.TXT
going,(VBP 're),'re,CLOBTH_P.TXT
going,(VBP are),are,CLOBTH_P.TXT
looking,(VBN been),been,CLOBTH_P.TXT
wondering,(VBN been),been,CLOBTH_P.TXT
staying,(VBP are),are,CLOBTH_P.TXT
beginning,(VBP am),am,CLOBTH_P.TXT
expecting,(VBD were),were,CLOBTH_P.TXT
ignoring,(VBD were),were,CLOBTH_P.TXT
casting,(VBN been),been,CLOBTH_P.TXT
getting,(VBZ is),is,CLOBTH_P.TXT
going,(VBP 'm),'m,CLOBTH_P.TXT
going,(VBZ 's),'s,CLOBTH_P.TXT
going,(VBZ 's),'s,CLOBTH_P.TXT
spending,(VBD were),were,CLOBTH_P.TXT
looking,(VBD were),were,CLOBTH_P.TXT
looking,(VBP 're),'re,CLOBTH_P.TXT
twinkling,(VBD were),were,CLOBTH_P.TXT
coming,(VBP are),are,CLOBTH_P.TXT
leaving,(VBD were),were,CLOBTH_P.TXT
doing,(VBP are),are,CLOBTH_P.TXT
expecting,(VBP 'm),'m,CLOBTH_P.TXT
telling,(VBN been),been,CLOBTH_P.TXT
being,(VBZ is),is,CLOBTH_R.TXT
introducing,(VBZ is),is,CLOBTH_R.TXT
eating,(VBP are),are,CLOBTH_R.TXT
drinking,(VBP are),are,CLOBTH_R.TXT
being,(VBZ is),is,CLOBTH_R.TXT
studying,(VBZ is),is,CLOBTH_R.TXT
fighting,(VBZ is),is,CLOBTH_R.TXT
revolting,(VBZ is),is,CLOBTH_R.TXT
becoming,(VBZ is),is,CLOBTH_R.TXT
forging,(VBP are),are,CLOBTH_R.TXT
going,(VBZ is),is,CLOBTH_R.TXT
running,(VBP are),are,CLOBTH_R.TXT
organising,(VBD were),were,CLOBTH_R.TXT
hanging,(VBZ is),is,CLOBTH_R.TXT
coming,(VBZ 's),'s,CLOBTH_R.TXT
working,(VBN been),been,CLOBTH_R.TXT
complaining,(VBN been),been,CLOBTH_R.TXT
becoming,(VBZ is),is,CLOBTH_R.TXT
overflowing,(VBZ is),is,CLOBTH_R.TXT
making,(VBD were),were,CLOBTH_R.TXT
raising,(VBZ is),is,CLOBTH_R.TXT
warming,(VBZ is),is,CLOBTH_R.TXT
trying,(VBP am),am,CLOBTH_R.TXT
making,(VBN been),been,CLOBTH_R.TXT
working,(VBD were),were,CLOBTH_R.TXT
interrupting,(VBP am),am,CLOBTH_R.TXT
making,(VBP are),are,CLOBTH_R.TXT
seeking,(VBP am),am,CLOBTH_R.TXT
hunting,(VBN been),been,CLOBTH_R.TXT
showing,(VBD were),were,CLOBTH_R.TXT
crying,(VBP are),are,CLOBTH_R.TXT
servicing,(VBP are),are,CLOBTH_R.TXT
getting,(VBZ 's),'s,CLOBTH_R.TXT
giving,(VBD were),were,CLOBTH_R.TXT
wearing,(VBP are),are,CLOBTH_R.TXT
dressing,(VBP are),are,CLOBTH_R.TXT
climbing,(VBZ is),is,CLOBTH_R.TXT
being,(VBP are),are,CLOBTH_R.TXT
hurting,(VBZ is),is,CLOBTH_R.TXT
